№ п/п;Country;State;type of document;file name;Price;link
1;Albania;;DL;Albania Driver License 2017+.zip;25;https://mega.nz/file/nVsHlTpT#pORVv39PWtIsMnihLGwYJ2tdPrUobGF-hBxYqR6LqNw
2;Albania;;ID;ALBANIA-ID-2009+.zip;25;https://mega.nz/file/eVcRiDID#0EKuniCt_wR-ILeI9dbPaw4lGjSKuIYWx1gtZ6XwGVo
3;Angola;;DL;Angola Driver License 2015+.zip;25;https://mega.nz/file/vAsyFLwK#JX-KJFkBCTjLlKlryyQMQfm8sjLvY6Mqpfu6NxctL5Y
4;Argentina;;ID;Argentina ID 2009-2023.zip;25;https://mega.nz/file/PIVAFCIb#epsXd65BJKYnY6OVvlkFK5Mk7_mb-wIwwwXHHZqztnQ
5;Argentina;;passport;Argentina passport 2015+ actual.zip;25;https://mega.nz/file/PR9BHLTL#iND5VCdF2YZBn1j7jl2t6mz4vyN7JlZt_EqcalsEmy4
6;Armenia;;ID;ARMENIA ID 2012+.zip;25;https://mega.nz/file/6J0DSYSR#bj7dW-uDOBXIokn_Orct_JB0nW0vfVIYO9f1uLdIlOQ
7;Armenia;;passport;ARMENIA PASSPORT 2012+.zip;25;https://mega.nz/file/TNkUVYiK#3_4QJ-svl1DumDmUIrX-WtjdGsuhmjMW9BRHihJNQQ8
8;Australia;;Bank statements;Commonwelth Bank.zip;25;https://mega.nz/file/PBUkBArL#J8cvXV4RLkHmKyFUaX-IHUFHbmXZZnxv4omh9duXmkM
9;Australia;;Bank statements;National Australia Bank (NAB).zip;25;https://mega.nz/file/3AlCXT6A#bY_D6cUbnhNSTm7avrGt2LvxYwnOOp1tdMsHTAYaIBM
10;Australia;;Billing;AlintaEnergy.zip;25;https://mega.nz/file/LZV01QTY#I_65x-Fzoow3XmySUpDD6AyN7HrvaAtf5NKo6THzJ0U
11;Australia;;Billing;Australia Vodaphone.rar;25;https://mega.nz/file/WJEQkAzK#J0yxyRairlebuWK4I5JiR8B3BtlZ8YNE5blk6JvVW2c
12;Australia;;Billing;Australian electricity bill.zip;25;https://mega.nz/file/fIM3FRyI#pIgyUvkeFLR4iqO-iyrzD-ysPSDtNpmNRcVXBY46V5I
13;Australia;;Billing;Mobile phone TRPB.zip;25;https://mega.nz/file/DZsVDRTQ#vQMnCfu8SeyvvacQdNxCQ-c_-_s3pRsOHyQfUuu0opA
14;Australia;;DL;Australia New South Wales DL 2012+.zip;25;https://mega.nz/file/OBsxlLBL#7gqP3CWBRScdoQM7_Y1EGyNO_UZu5C4-LxASgdr7LqI
15;Australia;;DL;Australia Queensland DL 2010+.zip;25;https://mega.nz/file/eJ8RXQiT#Zh1IO8cL57GEThk-TFfsKfxoJ12L8T3RTAB63A75-ac
16;Australia;;DL;Western Australia DL 1997+.zip;25;https://mega.nz/file/uQ1zEZKZ#4Sz9UJ-U6WFPjHip-qAsp_KaLmzQqgWlbW7OYQRfi5E
17;Australia;;passport;Australia passport 2014+.zip;25;https://mega.nz/file/3U9QxTQK#PrdEj9ANIiVJBa3qTDz4y2HaORqmGdqSBe0oEeLEvk8
18;Austria;;Bank statements;Anadi Austrian Bank Überweisungsbestätigung.rar;25;https://mega.nz/file/mJNAkbhZ#1jMvncfm4miBnqnMTf4Ei7B6_dkOcKfXdsroqBXAfNs
19;Austria;;Bank statements;Bank Austria Überweisungsbestätigung Подтверждение банковской операции.rar;25;https://mega.nz/file/aZcGxCaS#ousnABzI27gQN5Mws2dZ6D46OWMCmZxDLxwqJSAcFMQ
20;Austria;;Bank statements;Erste Bank und Sparkasse Kontoauszug.rar;25;https://mega.nz/file/qBMAAKrD#R97Vj2C7zxmGSlWjDoSMfUc56SGrcIxcvvsasW3kXqM
21;Austria;;Billing;A1 Telekom Austria Mobile & Internet.rar;25;https://mega.nz/file/eEk1DCQb#WMqMbWARYOlnLtzWwxoNu4Hp4VaxoAE4F7skoO4Rmas
22;Austria;;Billing;Austria Telecom Bill - Magenta (T-Mobile).rar;25;https://mega.nz/file/zMtQSDpC#adm2-jfuvCbKQ59h0tTsiVHii-mmvzjEPJPjyQw6sCA
23;Austria;;Billing;Energie AG - Electricity Bill.zip;25;https://mega.nz/file/2B9mVJBQ#FFjnZgE6n2UFE2Qc1pw28JZJqpraZ6CejKYqCQ6zNCU
24;Austria;;Billing;Envitra - Electricity Bill.zip;25;https://mega.nz/file/fMtizBpZ#jOeT5sZ4NYmL05rEdZsOL43dzPijnBhvVm4T7C3vlMQ
25;Austria;;Billing;Origin Energy - Electricity.zip;25;https://mega.nz/file/XcsCDJTa#u7EC3OheT_mmdavbBNAppFkEOHJ77kQ-lGAZA5qpgOM
26;Austria;;Billing;Verbund - Electricity Bill.rar;25;https://mega.nz/file/uQ9FFIKY#mYFiH6WEJmi_xnNKrVEwm9gm9meMQUaGRe6C9lBJtvk
27;Austria;;DL;AUSTRIA DL 2013+.zip;25;https://mega.nz/file/OUNj3YqR#OxAvDWuqVQTlODjjNkrCZG3dYHTtmvVmgmODHLu4Qz0
28;Austria;;ID;AUSTRIA ID 2002+.zip;25;https://mega.nz/file/iAFD0ABJ#3diGEkOrTd19qotAjXYl0j7w-N_xSzvJ-HpGkzFKvGw
29;Austria;;others;Proof of Address - Meldezettel Wien Österreich AT- свидетельство о регистрации по месту жительства .rar;25;https://mega.nz/file/2AMnyJhK#0aCZFNE2FqxA6SVBR8FXH3gVNRSq39WERjohmNbTzrQ
30;Austria;;others;Уведомление о праве на получение пособия (Mitteilung über den Leistungsanspruch).rar;25;https://mega.nz/file/mJEUSCKT#n5BgzySth9QmFFdI6nZqmSTbeh0VLS3syCfmllVRNHY
31;Austria;;passport;Austria Passport 2009-2014.zip;25;https://mega.nz/file/KR0RQKSD#5QBWqZ-h4pQTb12yQUQPBjLHkP095QGzgZcw6XqtSAg
32;Azerbaydjan;;Billing;AZ BILL - Nar Mobile.zip;25;https://mega.nz/file/Sc0zkL5Q#45O6J5lw1gRIV3KvzhRtRqXMEPM8H9lOc-_zvQ3-u5Q
33;Azerbaydjan;;Billing;AZ BILL Electricity SOCAR.zip;25;https://mega.nz/file/acUSgQgD#v15z6bBc4Wr_cVLiK-_GGHEpRrh3U7HnHZHYAgK0OLo
34;Azerbaydjan;;ID;Azerbaizan ID 2013+.zip;25;https://mega.nz/file/LEcjjITD#OjVNHNrPQqZLzaTcs_oEaW3yiYuz_1PoSIAOf2nDirE
35;Bangladesh;;ID;Bangladesh ID 2016+.zip;25;https://mega.nz/file/fEVlXYxL#xCbxwLi93q2ATIqaHoPGkhHwv3hx2QYs1E4Vdhta744
36;Bangladesh;;passport;Bangladesh_Passport_2013+.zip;25;https://mega.nz/file/DYMUGaDI#SMtGSxTvPoR_001ezUgy-MHXjZ5M8bFsjQGSRqRST_I
37;Belarus;;Billing;BY Electricity BILL.zip;25;https://mega.nz/file/mBVV3BjA#mcY9CGYunWgQABh8ujEsVFpn5uKr07YW_Ssim_t5cOk
38;Belarus;;DL;Belarus DL 2011+.zip;25;https://mega.nz/file/mQ9FnTha#0DAoOYzPaDgUONV0j1jgNVyk-8Msy7EzVINF1UCH8V4
39;Belarus;;ID;Belarus ID 2021+.zip;25;https://mega.nz/file/OQ8T1BAB#D1VbjhI1i2vU1EBuIpUR61zSWH4MXshG2qyD3vX0W68
40;Belarus;;passport;Belarus passport 1996-2021.zip;25;https://mega.nz/file/yMlxBbQK#nFbYj1c3eqYOwEJMEYXrcaR-6qPKYjj-hSBdlYeecwQ
41;Belgium;;Billing;Belgium Bill electricity and gaz.zip;25;https://mega.nz/file/mEsylSTZ#PtdVvRN6HX_eGegWY8494xi-EVlic0YR-w71c6v7V8A
42;Belgium;;DL;BELGIUM DRIVER LICENSE 2013+.zip;25;https://mega.nz/file/6c0iADgJ#VEz8SOJyNQYZrQ8et6gjlsYy3SPTjeUsLEevvQrmniE
43;Belgium;;ID;BELGIUM IDCARD 2013-2020 действительно до истечения срока действия.zip;25;https://mega.nz/file/7Q03hQDY#etja0s5HxCEfoWKvWNf2DvqsFA-ZKS0mtMcx67KEorE
44;Belgium;;other;Certificat de Performance Énergétique - PEB.rar;25;https://mega.nz/file/bF8ARDgR#VYqG7eOQFFMkxMfpOfKPrqAW3GrbpRBypZ5BQAqG5N4
45;Belgium;;other;Свидетельство о праве собственности (Certificate of Ownership).rar;25;https://mega.nz/file/zVtS1bqZ#Oysls762G9bShoEI2j1apJmmT2uT9Cv1GkHP-7GMWvU
46;Belgium;;passport;Belgue_Passport_2022+.rar;25;https://mega.nz/file/7AcX0LoK#R0W1p8GcscTQZsQlEvgflBQSPAKhAQrpJI3IccSg1z4
47;Brasil;;DL;brazilian_dl 2017+.rar;25;https://mega.nz/file/3UNEURiI#5mg040zKdytQn60dNRQ-KXihZPSj03xR4vDQqYZNSCY
48;Brasil;;ID;Brasil ID 2022+.zip;25;https://mega.nz/file/eZVyTJyb#nTwVGSs0_AuJTG-gWFdFRCPHJZkrLRpu9fx_xObwLbE
49;Brasil;;passport;PASSPORT BRAZIl 2015-2019.zip;25;https://mega.nz/file/rc8XjahC#zpcaZ353_9_dfB5cEsrVpQ2qkrBf9C9JcUEBexqVNT4
50;Brunei;;ID;ID-CARD-2000+ NOT RESIDENT.zip;25;https://mega.nz/file/icsnDKSR#JTn_m3J30rt6qs_njJ4Iq9id9Xq2b4lXmv-t3vjugLA
51;Bulgaria;;Billing;BULGARIA BILL water.zip;25;https://mega.nz/file/yJVAwAJC#TnhEhwKxEUC1yR9D64cIBrmOGxqFWFOWkAnU7J4Ivc8
52;Bulgaria;;ID;Bulgaria_ID_Card_2010-2020 действительно до истечения.zip;25;https://mega.nz/file/KQ1FBSjD#0SYIrQUTcmke4ihoLjxSJk18ARyo_mH2xnLZ44rkGAU
53;Bulgaria;;passport;BULGARIA PASSPORT 2010-2021 действителен до истечения срока действия.zip;25;https://mega.nz/file/uUVCnRJY#l4Ve_yWzgKh0eCuP6zol7fbo0tpFphJfygrmSsy6K4k
54;Burkinafaso;;passport;Passport BURKINAFASO 2019+.zip;25;https://mega.nz/file/7ZNjXDCY#ljgwpxPFfUr00Pwew4OTrNGsOuIeGM3mJBu41JV-QZQ
55;Canada;;Bank statements;Bank of Montreal Business Banking Statement.zip;25;https://mega.nz/file/zAcF0ALK#S4PW7NQx2AGx4hX_nyeVFlOPmz99Fdj4NFXYPaqFN_M
56;Canada;;Bank statements;Canada Credit Card Statement - American Express.zip;25;https://mega.nz/file/aEdzEQoK#aZTDBp9bF8ylF_L-xrfKk96iWKRKyWavKyz_Y66IFSo
57;Canada;;Bank statements;Canada Credit Card Statement - RBC Royal Bank (Shoppers Optimum MasterCard)..zip;25;https://mega.nz/file/fUtnTQpB#7o5hy5OsEC4XjTVR5P-_rX62pfnZ8tmEwzAWqNGfTbE
58;Canada;;Bank statements;Canada SCOTIABANK BUSINESS STATEMENT.zip;25;https://mega.nz/file/fc8klByJ#hcNSsGeUyarPzYZ_SAWyQDh5s85RpIzUvlcqtwrNHvw
59;Canada;;Bank statements;Desjardins Bank statement Canada Ontario Qwebec.zip;25;https://mega.nz/file/aEV0DTAa#Kw4TzdwvJOy5V9iy4-UTfc8dgALezYZMC2mp4oC6hJo
60;Canada;;Bank statements;HSBC CANADA BANK STATEMENT.rar;25;https://mega.nz/file/GQtCwKpa#NOvfqMCAO953C_d8T9S0Hg5_kIKSFa7QVXCZUMAgzEE
61;Canada;;Bank statements;paystub-CA-1jiqin.zip;25;https://mega.nz/file/GMszBCBD#zvUyqyzpaAYG-F3rK8AejYKoKO7QM1zdAFmRZpIloRM
62;Canada;;Bank statements;Roayl bank of canada.zip;25;https://mega.nz/file/zNVwwBLb#cZ344fM_nvxHUsoPthfIaVcMVYiVtsoaM-HkJd9vT6w
63;Canada;;Bank statements;TD BANK BUSINESS.zip;25;https://mega.nz/file/TJ9GySBL#xawb0O_SvWTHbrKpR1COwHSzCqtQhBg-BDNZ8kfPl98
64;Canada;;Billing;British Columbia electrycity billing_support_for_customers_affected_by_covid_19_residential_electricity.rar;25;https://mega.nz/file/qRUxwIgA#hrWvHdrwBUjkWUK4UFTOsjcHZ5bC0_BYKbZfJph6rcU
65;Canada;;Billing;Hydro-Québec - Bill electricity.zip;25;https://mega.nz/file/mdEkVDCT#NavDiVeLjmr7baNjHat5inY1yxcVNRqdCbXsKzA7C-c
66;Canada;;Billing;Ontario Gas Bill - Union Gas.zip;25;https://mega.nz/file/3cUnABpJ#yxzSGmGD3A-9CxDWKsO37Aftu8MjOdBztTRajM1SGoA
67;Canada;;Billing;Ontario Hydro One - Bill electricity.zip;25;https://mega.nz/file/SY9gRZRK#uy0GSrzZIeGw_NNG43D1jGcjsD8p26JEqHxGWxdUsEI
68;Canada;;CC;Bank desjardins.rar;25;https://mega.nz/file/6F1UlZSb#RZB4jx9H_xDUYHdeRYInlYOZf6LaLDjnrNJswk-Wero
69;Canada;;DL;ALBERTA DL 2018+.zip;25;https://mega.nz/file/GMt20LpD#91-Erzia6M84ZwI9pK7AUdbMpqY5_ERsMvAk4JJ_zYk
70;Canada;;DL;MANITOBA DL 2014+.zip;25;https://mega.nz/file/6JM1GSiB#4PD3b8r2YFI3fNSzMaUuFaGRbXoAmVYnDEiwg_WT7Iw
71;Canada;;DL;New Brunswick DL 2017+.zip;25;https://mega.nz/file/3clXybwQ#VvEMMahoxzaHPZqsojBSnMRobQ_ACs3YCMFPTAja4ms
72;Canada;;DL;Northwest Territories DL 2002-2017.zip;25;https://mega.nz/file/OZ11lCyQ#V0z2jM_7skSGqFLbHzKsCR2RBdLbb5vMg28wKCw2RJg
73;Canada;;DL;Nova Scotia Driver License 2017+.zip;25;https://mega.nz/file/3ZknHbrB#0crLSIf1u6pFTYjRsi5l1h26_QWcQI28luL-MaRoop8
74;Canada;;DL;Ontario Driver License 2020+.rar;25;https://mega.nz/file/uYc1STCJ#OAUgsP-e02AnBScri_pvVAZU8FwFnSK_XNyQJAF0mz4
75;Canada;;DL;Quebec Driver License 2015+.zip;25;https://mega.nz/file/2AcRWbrb#HDdyQcdeOgbsCF4yAqczSgv--QcrlHwuQFFOq-B1ciM
76;Canada;;DL;SASKATCHEWAN Driver License 2016+.zip;25;https://mega.nz/file/HAEVkLaA#jUDB9uAGTW63Fu0xg1GNLNSdet0CBUFCM2bjftaBRxI
77;Canada;;ID;Canada ID 2015+.zip;25;https://mega.nz/file/eNdiyCBC#Gcik7iOczh4u52kX1OwT_QbV-7FWsUTJ5_YSTfIw49Q
78;Canada;;ID;Ontario ID 2020+.zip;25;https://mega.nz/file/XUFySDQT#9eeUtUOm2qXB-Z3hp1SemkG-SGdaUmaPOF2Ylno_eB8
79;Canada;;Passport;Canada passport  2013-2023.zip;25;https://mega.nz/file/zJl03Q4S#Y_D3hVB1S6X__RTbBCedQDk6x7a4yBMG-NPtoOgAZ_I
80;Canada;;Passport;Canada passport 2023+.rar;25;https://mega.nz/file/OYNCARIJ#R5JHfHao2iacsu1es3E6ACuqq0Hl4H0GgR0V_VjIexo
81;Canada;;;SIN_CANADA 1974 - 2014.psd;25;https://mega.nz/file/zV8WDBxR#hZYuYZk6MRsETfrmbOmIhdGK6vz6nWl210y5lBxeDLw
82;Canada;;;Месяца1.pdf;25;https://mega.nz/file/PI8BnCaa#55euTcqHYu_uc8N29vGB_wD162XQZ8ipIB6xHZY8aTM
83;China;;passport;China Passport 2012+.zip;25;https://mega.nz/file/DB1wRRSb#ShXDakBsDdE2D6UpWlD0aglAcHpouRrf86KCtCTIaAU
84;China;;;#апостиль #китай.jpg;25;https://mega.nz/file/PRdjTD4Y#Bw2LBhf4MAyYuFIKdTS9wndkgFxTQf0vwr6RfX2wg4g
85;China;;;certif origin china.jpg;25;https://mega.nz/file/yUtmFYjR#QAIF9cW-rhoJQ5P9M-YnbvirpJE3QSlsmjRqXXDN71c
86;China;;;Certificate-Of-Origin.pdf;25;https://mega.nz/file/SZsxGAoJ#NVhS_3Wh2byN0g_01lyaHr8FwBve-3rjs4lnICX_OG8
87;Columbia;;Passport;COLUMBIA Passport 2015+.zip;25;https://mega.nz/file/qZE0BKiA#qQED1nIxpl-Rz3PXOlYGzoAiBEJuQHbMiDMbOIUBW1s
88;Cote divoire;;passport;COTEDIVOIR passport 2008+.zip;25;https://mega.nz/file/6c0GDDDB#hHKUda2ebnIEpbCxuZpRv-5I1m9L5PxFuxwwG-L5Qpo
89;Croatia;;ID;Croatia ID 2003-2015.zip;25;https://mega.nz/file/yUcFHTqB#wXWXj7s54F7Y5P-ecucjUlvNQYcsAHJ5YVVsqtaQ1AI
90;Croatia;;passport;Croatia passport 2010-2015.zip;25;https://mega.nz/file/aIcDFbAb#xABGg07txb1VGvwnV8zduokY6BAXt0zJF19r7Ep_t8w
91;Cyprus;;Billing;CYPRUS UTILITY Bill water Municipality of Paphos - .zip;25;https://mega.nz/file/PU0k0Bhb#jrKEBxjt8YHUF-XXgXaDg-tSZebxM9PG9cx3-lTgARU
92;Cyprus;;ID;CYPRUS ID 2020+.rar;25;https://mega.nz/file/XcM2zDqK#PSmnFDyrSd_q_hCApFjrOVt00WlSaTJyRH06Q8BjW8s
93;Cyprus;;others;Business license BS CYP.rar;25;https://mega.nz/file/OdtWhBTC#Rf2-Lg1XdbDlGT0FRFCqWemAGb9kwrf1xOATuQmi7K8
94;Cyprus;;passport;Cyprus passport 2010+.zip;25;https://mega.nz/file/qRtCgagC#xmIWGpnMzQrjgbt05YH1GMBdFp-gljdQjxdnOItNP2Q
95;Czech;;Billing;Czech Republic BILL.zip;25;https://mega.nz/file/fQVRETba#tRFMR8_5WA9QbuSZk1H80MqYxiTyOCHHbzkuOLhu9aM
96;Czech;;DL;Czech Republic Driver License 2004+.zip;25;https://mega.nz/file/vFFSwbwb#nw-w3X3f3vJE-m7A3jd3r5lF0ggbeoINHZDrN7svdMs
97;Czech;;DL;Czech Republic Taxi License 2020+.rar;25;https://mega.nz/file/DMME1QRZ#NGAkd20rh5DOFI4AdekRR7AwFrw9rlsFbDfqK8K80cs
98;Czech;;ID;Czech republic ID 2012-2021.zip;25;https://mega.nz/file/DQFgUb5D#J2v4kMT6LNDi8dwNQncrVmAkxGA2wdmW4k5jSp9kqIw
99;Czech;;ID;Czech Resident Permit Pobytová karta 2021+.zip;25;https://mega.nz/file/iRUQ3RIb#kPFgDCzSHbCCXygX5aro_khtPCUrO-R_Uja2nuAjreM
100;Czech;;passport;CZECH passport 2006+.zip;25;https://mega.nz/file/jF0ADBDJ#254xtrmFtbhtLmAYOzVvaNMZU5_wZZ3TaJyhgXIDUtk
101;Czech;;;отсутствие судимости.psd;25;https://mega.nz/file/6JdAyCiC#CMTOonN03XABezv2E_Jj-R9LqoujKOfTFrDHhHvij-s
102;Denmark;;Billing;Denmark Utility Bill electricity.zip;25;https://mega.nz/file/CVMFgbIA#sAxfWSprLX00bsMpussmaLrF0flC9DgXT14gerE1e7A
103;Denmark;;DL;DENMARK DL 2013+.zip;25;https://mega.nz/file/SAdiyTyC#uZGHbBKGdbGssmJsix-WwB-uo6K738m8LVlWuFWl0mE
104;Denmark;;passport;DENMARK Passport 2010-2021.zip;25;https://mega.nz/file/vQVmVJgR#GzuWYJzrMjBvlCxd4eVwQu70Gs__f9gJzEKkLQQBvyM
105;Dominicana;;ID;Republica Dominicana ID 2014+.zip;25;https://mega.nz/file/TVERSA6a#fouj7QX42V83tRzOWPtPyIE0cFlrNCYyaVrJZ4Zcc0Y
106;Dominicana;;passport;DOMINICA passport Cédula de Identidad y Electoral 2021+.zip;25;https://mega.nz/file/PQlREAbS#BUyekNb6TcFZStdTK4ZtK_aWN7v7nRZsVETz_4psRe0
107;Dominicana;;passport;DOMINICANA passport 2017+.zip;25;https://mega.nz/file/GBtkDKqS#sfWOQ9uZ7fnb91z3nEWPhzsEhM1OEbltHjMhdRUBSMw
108;Egypt;;ID;Egypt ID 2011+.zip;25;https://mega.nz/file/mZcDmQSS#_4vWHdPMiGlm3cXjHglSY9C43OqwiIKiTxRPb4pYkfY
109;Egypt;;passport;EGYPT passport 2008-2024.zip;25;https://mega.nz/file/2QMG2RRL#KXY4ShFT610eqeRme2F9qHzWIuDeaKNopbBcGZEY3OI
110;Estonia;;Bank statements;Bill telecommunications.zip;25;https://mega.nz/file/DM1xkB7B#y5T6pcfTabHygfRUTzJCEBRi073Yuez7yZVErGdF9Rk
111;Estonia;;Billing;Bill heating Tallinna Küte (Dalkia) .zip;25;https://mega.nz/file/PUFkhZQL#0bmQkw_Tav2XjPhlmYf1SyCoMrDuBdgAnx5XwZK9y2w
112;Estonia;;DL;Estonia_Driver_License_2013+.rar;25;https://mega.nz/file/GRtAnR6L#PFJ6PjiBsQSIDXwHlrkfrElKQ-VZFVwWh9Pe6cDeNaA
113;Estonia;;ID;Estonia_ID_Card_2018-2021+.rar;25;https://mega.nz/file/yctzASQb#0vAq5WnqqkAmA5-34WzO3D7ffCCB7-2uNZWzlKTWZGM
114;Estonia;;ID;Estonia_ID_Card_2021+.zip;25;https://mega.nz/file/OR1iCQJJ#yXUoUlIvVN9zBClVPjm2q-05KVsmYGG2Pru0O3D6Ypc
115;Estonia;;passport;Estonia_Passport 2021+.zip;25;https://mega.nz/file/KVlUHA6Y#HPCRsHpkF7628V2V-J1QRi9qQJoI-S-spYdaoxv6ZnY
116;Ethiopia;;ID;ETHIOPIAN ID 2021+.rar;25;https://mega.nz/file/fUUy3YqB#JoVI34Zabq2pPKwwGA40iffWMJyDAZ2pSzeWHftJOF4
117;Finland;;Billing;Finland Electricity Bill - Helen Ltd.zip;25;https://mega.nz/file/XYsmFaoB#DzYG_2oCKm-pgk3ijXQpXSpJkLnXmnpCX03-MhfojNw
118;Finland;;Billing;Finland Telecom Bill - Telia.rar;25;https://mega.nz/file/rBdARQgJ#MTaAY69LZXIiffvQ94qUoEjeq8sAIBu7eST_p2WZqvQ
119;Finland;;passport;Finland passport 2017-2023.zip;25;https://mega.nz/file/uE9HiISI#JcBKWl8_P2YgDCSlvHOArnkoBYKNseFJZ9nTcPB71DE
120;France;;Bank statements;Bank statement - Crédit Industriel et Commercial.rar;25;https://mega.nz/file/SIF2iK7a#OssUzUoeevUBTc7NezYJlE7dfrwQMOZc1jBVUVS8U6k
121;France;;Bank statements;Bank statement - td cash back card.rar;25;https://mega.nz/file/HYs3QQ4a#QFoLYax8uex0ple2RCCxOaYlVsFwEO5KzPFFXmnG7H0
122;France;;Bank statements;Bank statement -La Banque Postale.rar;25;https://mega.nz/file/2ZlxlCoQ#7i7a86ZcEB4L-fKTYWPsvypRWRQIuoVU72fRpRUgL64
123;France;;Bank statements;Bank statement -Sogexia.rar;25;https://mega.nz/file/PNMxwLBC#OKaPg4IL8U6pdsKTCiQT7O3umwTqEV07Eq7sQ6XpcEk
124;France;;Bank statements;PAYSLIP скан не редактируется.rar;25;https://mega.nz/file/XBFk0YLZ#2y8KuNpRAJr7YGP7WzPTBgaujXRotpvpV8oyJ_OdXLA
125;France;;Billing;France Electricity Bill - EDF.zip;25;https://mega.nz/file/mVFBxQBa#RJjtLtPlOMKunix0FxeVzHhcYfbf07P6Eh6HnJgkv5M
126;France;;Billing;France Telecom Mobile  Bill.zip;25;https://mega.nz/file/nIkzUDSL#YbwMy2rqK9iaSLh3c9idZyIDim0aYOqvMynXuA6Vj-k
127;France;;Billing;Grenoble.fr  Certificat Qualité de l'Air.zip;25;https://mega.nz/file/vNtVnLYb#i64ylgHJUy9kJ-8oWBFhz_1MVZ8vHYnPJHrGhjclBkA
128;France;;DL;France_Driver License 2013+.zip;25;https://mega.nz/file/yVExRJoY#zPCGmtyOok74OxQNNUDBrq9OAjIuSquykkIMNaASAig
129;France;;ID;FRANCE ID CARD 2021+.zip;25;https://mega.nz/file/eEVTwSZK#koiPJAJ-ANRzV926aBpoG7o9dBeC0RtoyBeKqxzYfN8
130;France;;other;Business License #Франция KBIS SAC FRANCE.rar;25;https://mega.nz/file/WIlCUDYJ#AA8mGj5WSBrfYTbkIh06fosTu8UiGnXiI0hpO0Ij8v4
131;France;;passport;france passport 2009-2021.zip;25;https://mega.nz/file/jdNwRThC#0lk3Fkk-BkexyITQlPGAMwV_6EWQoHeFF0QVU4H2PXI
132;Georgia;;Bank statements;Georgia Bank Statement - Bank of Georgia PDF.rar;25;https://mega.nz/file/7ZNnjL6R#2YauDIMVuWa94jCMCid-p43Ni5BKfuLmbQhtKjLw0aA
133;Georgia;;Bank statements;Georgia Bank Statement - Bank of Georgia PSD.rar;25;https://mega.nz/file/iUNwjAwJ#by1BvroZ8P84GUEfUOj_TMIGAF17gok7rizZp4FQf74
134;Georgia;;Bank statements;Georgia Bank Statement - Credo Bank.rar;25;https://mega.nz/file/3EEiyZCD#4rTT6wvuwCGJ6O9wRJC9YLCRnOVzOp8W5aM89LuwWyY
135;Georgia;;Bank statements;Georgia Bank Statement - SOLO PDF.rar;25;https://mega.nz/file/2N9GAQYA#vJB_bHXuANabf1riNo_lPhMcf0pnqF8DuumT5bpG1J0
136;Georgia;;ID;Georgia ID 2018+.zip;25;https://mega.nz/file/OMlCzD5I#EwkEUuZe4BSB2oD_TXfKFEZQNDgr8JmvSLQtnRiLEWA
137;Georgia;;Passport;GEORGIA passport 2016+.zip;25;https://mega.nz/file/SQk2xA6B#qsN7IPa4wFfhn8zYVuIB-5hhQsNjY7LAE8GjDzag6u0
138;Germany;;Bank statements;American Ecpress de Bank statements .zip;25;https://mega.nz/file/HR9WRJxS#TLRocmml89c2z3KUgnywUPm-4p5B1Np_mfw_U24qo0A
139;Germany;;Bank statements;Commerzabank Bank statements 2 templates .rar;25;https://mega.nz/file/yZNhBKST#CfjAX64UjVJ-gInrNhe-8GkoLW6ujmdpjBBhpQRR2yA
140;Germany;;Bank statements;Deutsche Bank 4 templates statements spanischer Druck der DB für Kontobewegungen.rar;25;https://mega.nz/file/GQVlBCgQ#zXMaWZmzdXjAloVzQJjSRdt9w4lBMB771eP7fVnPhVE
141;Germany;;Bank statements;DKB Bank statements .rar;25;https://mega.nz/file/7QtGgRzJ#ptdKI4VP7KHEsQ3ju3u9fkT4zpwgsbDERYwB_m2Ppog
142;Germany;;Bank statements;HypoVereinsbank - Mangopay Abrechnung.rar;25;https://mega.nz/file/DZl13CTL#BadXInJsgtwqg5ygEiioPKlvfCT5bVbyo_kUGB2STk8
143;Germany;;Bank statements;Kreissparkasse Freudenstadt Kontoauszug Bank statements 2 templates .rar;25;https://mega.nz/file/SckFTbaA#lov2LmNG3wTjyVY45gDFzQznLgSIFf_ZE3vCDuedjUA
144;Germany;;Bank statements;N26 Bank statements 3 templates .rar;25;https://mega.nz/file/zYcGXAxA#8QkYnNiM3Ze7N1Nsfoc-rTQaiCrjeihsKew3UHd-nfE
145;Germany;;Bank statements;Oldenburg Landesbank Kontoauszug Bank statements .rar;25;https://mega.nz/file/TBd21YBZ#UWFQndfRDVyyy4OzXP9YVlI3krPRIH2AJGOJGcz9gcQ
146;Germany;;Bank statements;Postbank Bank statements 4 templates .rar;25;https://mega.nz/file/eJlHxSyC#LlWHwftFYebhB_SZs8U4nLHTjF9CTT-Bl7S2hCwvFEA
147;Germany;;Bank statements;Revolut Bank statements Kontoauszug.rar;25;https://mega.nz/file/iFVkAaCL#hO0KqB1CW96sGU30G4t7laS6cTfEj9BDsTHN528XJ3Q
148;Germany;;Bank statements;Sparkasse Kontoauszug Bank statements 2 templates.rar;25;https://mega.nz/file/KBsk3JJJ#LyaILDIo59NfoHoy1ck3zxZJsRIwGlQRyj1LfS2Nolc
149;Germany;;Bank statements;Tomorrow Bank Kontoauszug Bank statements .rar;25;https://mega.nz/file/mQFQ3boL#DZOa7LLfp9saaKywiGb6yfsJhqbGLzje5IOccKh_rig
150;Germany;;Bank statements;Vonovia Kontoauszug Bank statements .rar;25;https://mega.nz/file/3VVC1CRZ#oiOMtZiWGerfVTaHvQAWf_XNOPJRi8yVB9K3MXJbuHg
151;Germany;;Bank statements;VR Bank Kontoauszug Bank statements .rar;25;https://mega.nz/file/7E1RGKAR#cV63oNxYCmgK7bU9VdGTYwcX0uhTf76r8L4ii8W6Ftw
152;Germany;;Billing;Germany Electricity Bill - EON.zip;25;https://mega.nz/file/yIMxHAJI#9Q_hXQZb2ZMdl1aKoxAYPur2d1l4imtRmxSet06aAAY
153;Germany;;Billing;Germany Electricity Bill - eprimo.rar;25;https://mega.nz/file/rRlD0DhD#YyTzwKpAkoc6XIReJvKMGBp61uGWa6jPCLcT25dv1kI
154;Germany;;Billing;Germany Electricity Bill - EWE.zip;25;https://mega.nz/file/DQlHQDwb#Oi9ydyPS8xdVybDpkHVSxP4u_jqcDMwedtftarDDxRE
155;Germany;;Billing;Germany Electricity Bill - Stadtwerke Flensburg.rar;25;https://mega.nz/file/GM9GwYwY#WT60rBhZ8pl6Nhh1ZjuVQGHE6xx-AS-dmp4tTa_8i8M
156;Germany;;Billing;Germany Gas Bill Reminder - GASAG.rar;25;https://mega.nz/file/KJEAjSKR#Ys1agtQCCsOT5Ztx4e_eF5m2pMbHu0pkBCtQYwiimJY
157;Germany;;Billing;Germany Hosting Bill - IONOS.rar;25;https://mega.nz/file/aNtUHKCI#h4qbMFGa7B7cSAW6VOixlm9oWyqsb5KL_KHGSrvuzhg
158;Germany;;Billing;Germany Telecom Bill - Blau..rar;25;https://mega.nz/file/GJcmlQiD#qNoRrwvGrm_azGfIB0r6ULvBOk1JAkOBXNunxjwZGlk
159;Germany;;Billing;Germany Telecom Bill - klarmobil.de Rechnung DE.rar;25;https://mega.nz/file/SFETTRZD#Zbq9zhk0DdDSb3YzMfoGw778YwX6PeJOmHn5fkqy4NM
160;Germany;;Billing;Germany Telecom Bill - mobilcom debitel 2 PDF.rar;25;https://mega.nz/file/HUdWFaxZ#MathJkxXQRWgnGofNTbAlx_rkaedJB-jeB-Kqph688Q
161;Germany;;Billing;Germany Telecom Bill - O2.rar;25;https://mega.nz/file/bd8niIZA#RsVnuxP1oOup5nYF8sRh4il8oI0tJQiy1BjYT8Wyl-k
162;Germany;;Billing;Germany Telecom Bill - sim.de.rar;25;https://mega.nz/file/vJEVka7a#4CfL5KWIol4SxQtUitLc8FKAlqZlguhBHtWZdivCwZg
163;Germany;;Billing;Germany Telecom Bill - simplytel.rar;25;https://mega.nz/file/yclkQSrA#tc90P0iTOxf3vwedRsVpmByP_Oh9dYsourLLUj7kHr0
164;Germany;;Billing;Germany Telecom Bill - Smartmobil.de .rar;25;https://mega.nz/file/eVtT3CRB#hSZkcYwZiOJhy4JjMJHXrhW4J27ZlHQ21lrsG5D6QLY
165;Germany;;Billing;Germany Telecom Bill - T-Mobile.rar;25;https://mega.nz/file/fUU2WKQT#bYGnlbgYki--zIZN5aYdNnAsz4lzQLqZH1nOFKWdWok
166;Germany;;Billing;Germany Telecom Bill - Unitymedia.rar;25;https://mega.nz/file/2M1HyYha#iiiQ_1FegcKQPvAWxOSnOzkBWQBDoAwAl9GhHkT27bE
167;Germany;;Billing;Germany Telecom Bill - Vodafone.rar;25;https://mega.nz/file/vFVH2RYR#8oylZ6Uvcg0GG24jjPaQ_-0Qmg11-b5RcSe01A7UmM4
168;Germany;;Billing;Germany Utility Bill - SWB.zip;25;https://mega.nz/file/zJtSSRqA#dGORRy4en2ECY5CX1Ca2axDw3NWLQn8JhyhNokENwho
169;Germany;;Billing;Nintendo - LukasEhlPromotion Rechnung DE.rar;25;https://mega.nz/file/2AkQ1RjK#eAqngbH80CJ8cTocXsPyN-WZ8DI-qIAjfB9EWA2Yfgs
170;Germany;;DL;Germany Driver License 2013+.zip;25;https://mega.nz/file/qBVwRSjT#skt4IsOAUm-x_CCYBsKTNGF7cI4KEnuf6sOppj_NxC4
171;Germany;;ID;Germany ID Card + 2010-2021.rar;25;https://mega.nz/file/jYlzAaxS#BRNn6nCOAtdey9frSP4qyLxGsTkJGa8rd7gyoDuOaRQ
172;Germany;;ID;Germany ID Card 1200 DPI 2010-2021.rar;25;https://mega.nz/file/6UVlCT7I#uz6PDLCuQ9yZd7b4ppbLQthV0FEbEMJTvTxXFO32k00
173;Germany;;ID;Germany ID Card 2010-2021.zip;25;https://mega.nz/file/jcs0RJyS#tVWMTOYhf1D5ExRRNoxU0Cc8El8gxoRhkeaFRCwlwcE
174;Germany;;ID;Germany ВНЖ eAT - elektronischer Aufenthaltstitel 2011+.rar;25;https://mega.nz/file/jIMAwL7D#dt64DNdwbXuC57qsrPGfboEjhujZsuxWWiPssPGEyjE
175;Germany;;ID;Germany_Fahrerkarte_1200DPI 2006-2019.zip;25;https://mega.nz/file/GZEVSALS#wyYwtT-GUQSFJ69XNjDWuNKwl7s19QRF3eOeG4m2XLY
176;Germany;;invoce;DHL Post Rechnung DE.pdf;25;https://mega.nz/file/LYtFCJxB#scuFqltRi3MeQM04mTeZzdYXj9xYHe4czpDeCHK3HiI
177;Germany;;invoce;DHL Rechnung AT.pdf;25;https://mega.nz/file/mUFmwaKZ#AHns_ZKYdP048dJiCzildKZC6G2uoecn-EmR4MzokK0
178;Germany;;invoce;dhl-waybill-form_compress.pdf;25;https://mega.nz/file/DJNDDTBa#_GnND6zjsx1GMFvKXvhC-f24qa0MkZAyW8xREYgSnLk
179;Germany;;invoce;GForce Rechnung DE.pdf;25;https://mega.nz/file/uYVQQbgD#ZYw4xKSUlXPyE-OskdYvoOyoD57JAU1p5N_QIEIqWEs
180;Germany;;invoce;Random Retourenlabel DHL DE.pdf;25;https://mega.nz/file/LNVjnRga#wCpZwHF42lf7UMdIjo-IocmjN9qzD4X8eWHpatJCMOA
181;Germany;;invoce;invoce - KS Cycling Rechnung random DE.rar;25;https://mega.nz/file/rAECXYjY#8NuN4tVTxiqghvklnR4SytMjTOy9PJ1HZKqVgrFhpv8
182;Germany;;invoce;invoce - Shopapotheke.com Rechnung.rar;25;https://mega.nz/file/rZUVAYqD#UnDecYiRi_pT8x-bQ3WtyaTECCymnCQsQDTBwLlWkbM
183;Germany;;invoce;invoice - Kirstein.de Rechnung zum bearbeiten DE.rar;25;https://mega.nz/file/ScsxiKKJ#ZBUvTBw9Es7JSxUwdDGZSSeJbl39BX5Ku_kHT7Vb-Yc
184;Germany;;invoce;Molten Core Rechnung DE.rar;25;https://mega.nz/file/vAdzxJLK#MGbhrEjDJGpIJSM_ds_rLkmYRViYb5r_OSuxeHbEbV8
185;Germany;;invoce;MStore Apple Reseller Rechnung DE.rar;25;https://mega.nz/file/WQcHEIhJ#VQe25zNTL-6hJssrycMCwbUo2Lpn8kLfGf_sRTLcaDk
186;Germany;;invoce;Musicandmorestore.de Rechnung zum bearbeiten DE.rar;25;https://mega.nz/file/HUs0iRZL#nalDX0XhNtanI8rSBpbWO8oJctfr8ALkhD1SLA2DVdk
187;Germany;;invoce;OTTO Versand Rechnung zum bearbeiten DE.rar;25;https://mega.nz/file/2RVgzR6K#3W8Kq-X-I6jMKPnSfyIekEguA6smNp_q1bGLlJkxOuo
188;Germany;;invoce;Pearl Optiker Rechnung zum bearbeiten DE.rar;25;https://mega.nz/file/WN8mFCZS#xf6srTQUC5-LB5twlua474Li0JOJ3RqmxBI1cKCGxRU
189;Germany;;invoce;Profishop Rechnung DE.rar;25;https://mega.nz/file/rc9QGBhS#ZLFUPVJj7zWBmk8XnvTn1ar3J0PfwTXMVs2rs6OVHO0
190;Germany;;invoce;Rechnung Zahnarzt random DE.rar;25;https://mega.nz/file/XNECBYKS#1NVCZLaCKoWV0PdeckmS_HsJym_S3f0V_O2usdaHM58
191;Germany;;invoce;Sportano.de Rechnung.rar;25;https://mega.nz/file/zBEhiKyD#7qsLjvkJmIK5b9sjdgPPM3nN6mh8iwbjyctpQpPA4K0
192;Germany;;invoce;Verlustmeldung Hermes DE.rar;25;https://mega.nz/file/uAk20aBC#cPzcBztDCYRrj1q6jXpxidOkPcMD94gyFPIiHh9I4-o
193;Germany;;invoce;Watermark Rechnung zum bearbeiten DE.rar;25;https://mega.nz/file/CAciTTiQ#0cOXrAxEOcJ_SXbWyA9aD_lgeXBuldIrd6GQu6cwE8o
194;Germany;;invoce;waybill-0016403215_compress.rar;25;https://mega.nz/file/2dV3FT6J#AQszRr9U2n-JW6q60z8MK7L1-SyJpApH3Vmfj3JlVHI
195;Germany;;invoce;Zalando Rechnung 1 zum bearbeiten DE.rar;25;https://mega.nz/file/KAkEEK5J#ACPZvQvhU_n25JK0mW1EhMBCQvuA0IDPRVJh0158_0M
196;Germany;;invoce;накладная - Käseselber.de Rechnung.rar;25;https://mega.nz/file/iYE2wQhS#hw2pMp7UM3uYCKkJAvkHmGhBKNr4RpZOStOrH6_ZRDM
197;Germany;;Other;covid - PCR Sars COV Ergebnis negativ zum bearbeiten.rar;25;https://mega.nz/file/LQczXaLL#WP04IhW_JyjSiN_EPiHsk58PN53PfU9ijBHZaJxUScw
198;Germany;;Other;Germany VAT Number Certificate - Bundeszentralamt für Steuern.rar;25;https://mega.nz/file/KckFSAwB#Aqtlnr2qYV0MPtQTwlzeWFmf0_zd4P2N2OpFzJ-wspQ
199;Germany;;Other;Germany Свидетельство об отказе от гражданства (Verzichtsurkunde).rar;25;https://mega.nz/file/3VVgnIbY#ViOhLLoecx4OFH_9beXDkRMkDxL-N3f0RVOHCkhguhc
200;Germany;;Other;Jansen GmbH Rechnung Invoice EN.rar;25;https://mega.nz/file/PREEGRgS#8kXntXoWSytKepl9yxEe2D94cQfjwV_dRGZXyM06Gv0
201;Germany;;Other;Meldebescheinigung - регистрация по месту жительства.rar;25;https://mega.nz/file/WcUHGCpA#3aBE5-KcvryJ_KCFnvbyHz5prti7tp2BDkrboxJOrgE
202;Germany;;Other;Oracle Test Zertifikat.rar;25;https://mega.nz/file/jV9nyKgC#RKg_a208Y1huETePw9A91rmhmGOIen3J5kMRNYfyUIg
203;Germany;;Other;Random Haftbefehl und Ausfertigung.rar;25;https://mega.nz/file/OYsy3YYb#Nmw9SGzp8OGX-HJU1hRfYrJHY3lfz6CJc75tbWqShxI
204;Germany;;Other;Sterbeurkunde.rar;25;https://mega.nz/file/3dMzBZgQ#zbtfK2bBiAPXgDIzNKyOQwzRathSu1ZbqBVQV8RdtVo
205;Germany;;Other;TestAS_Zertifikat_für_ausländische_Studenten_2_zum_selbst_bearbeiten.rar;25;https://mega.nz/file/uMNzwCCL#p1ydizzfhfAJJ5Npzp0JhvreCcpU9mSDMYxdsuHPbUY
206;Germany;;Other;TestAS_Zetifikat_für_ausländische_Studenten_zum_selbst_bearbeiten.rar;25;https://mega.nz/file/bIVSlYpA#yqL4wqN2oBPFm1zyGpklFTXCIQ_GW9cuwN0bTwa5Kpc
207;Germany;;Other;Universität Mannheim Zeugnis Zertifikat Intensivsprachkurs.rar;25;https://mega.nz/file/CAtFQJaI#mYQUfDQCQf1wrczJSu5L8KX1nPpFS6Y_LgJLwIjd3w8
208;Germany;;Other;Versicherungsabschluss DE.rar;25;https://mega.nz/file/SQ1xBBpA#XfK4yX8uwB6O91GO5Ky7LZzTgMGvlrVHf90epr3PDqw
209;Germany;;Other;Versicherungsschein Economy.rar;25;https://mega.nz/file/bRF1SY7B#WIXBuPZ61p9fdMw3tukI_hbLuFU0O0sOY6uB9JDbXVY
210;Germany;;Other;Wohnungsgeberbestätigung zum ausfüllen.rar;25;https://mega.nz/file/HcF1gRRb#OQv-acKItb3SttJ-ykd5YU3edmbPzS6tEeLHS8Dp-2Q
211;Germany;;Other;Ärztliches Attest für Sportunfähigkeit random DE врачебное свидетельство.rar;25;https://mega.nz/file/rU9nQZbZ#sJgLe7jP4JyjO7Yw531CWhM5830neLLcTto5LGWHtfg
212;Germany;;Other;Германия Разрешение на получение ID карты.rar;25;https://mega.nz/file/jIVHCRAQ#1zAPiGynPEjery2PV5Q__jGragdM3oOlkLKdVIwado4
213;Germany;;Other;диплом не редактируемый - Master Zeugnis Mechanical Engineering Duisburg-Essen.rar;25;https://mega.nz/file/qZ0wCTCC#5eI81QzSQbYXGzSMl1UNWwH81UwflU5qMHPcw4lENkg
214;Germany;;Other;договор купли продажи транспорта - KFZ Kaufvertrag CH.rar;25;https://mega.nz/file/SQlgGBJC#JD9VWy_NMl6HT1-aurV57LKRbuTxINoir3u02-gxN6A
215;Germany;;Other;отсутствие судимости - Führungszeugnis AT.rar;25;https://mega.nz/file/6QsWAS7L#26F7oNF9cUTAoUbkMbUod8I3-4grDT4fgRnY_Nljlb0
216;Germany;;Other;подтверждение регистрации по месту жительства (Amtliche Meldebestätigung).rar;25;https://mega.nz/file/fckS1CjA#EK5mzriBU8zpoHjei6w9zYrpfoh_26-oQw_fW1DcYBI
217;Germany;;Other;выписка заработной платы.rar;25;https://mega.nz/file/2VdTSRbA#oTG1k9oOPst0dD7Eq_zpQHLbGZ6rOTHu0AVt0CXYE7s
218;Germany;;Other;Подтверждение правдивости данных (Bestätigung der wahrheitsgemäßen Angaben) BAFA Elektromobilität.rar;25;https://mega.nz/file/CQFzUDwb#Lre66KfM0Q1IZ1cBMkcgAQdNEnGj99Sr_Yqg-3SX5QY
219;Germany;;Other;справка о доходах бланк einkommensbescheinigung_ba013358.rar;25;https://mega.nz/file/DclTRabY#z6Y9yho5hQUcCNsnzEQn25HBX2oPWKwOZwg5VJpqHK4
220;Germany;;Other;страховой полис - KFZ_Versicherungsschein_zum_selbst_bearbeiten_für_Versicherungen.rar;25;https://mega.nz/file/OJUGSIyJ#7TR70XdfI39U_qFXAlt4j2JdRhPjpWM-Cjpgz3kKPv0
221;Germany;;Other;форма регистрации бизнеса Gewerbeschein zum selbst bearbeiten DE.rar;25;https://mega.nz/file/uN8kkAZR#yY4ASoWqNdOTkiqaimfVsj_VIUR4VJMHR3gKEkg8px0
222;Germany;;passport;Germany passport 2017+.zip;25;https://mega.nz/file/6BFk1C4B#WskqSKMXX9R6TzenNYNFgSiZp67VQNzi43kuLjCYS4Y
223;Germany;;refund;Amazon Rechnung 1 zum bearbeiten DE.rar;25;https://mega.nz/file/CI81EKYB#GIwSiHvn_2GdvrJ4VSQ_hQeEBTMxZU0Y6n_11RPyldg
224;Germany;;refund;Amazon Rechnung 2 zum bearbeiten DE.rar;25;https://mega.nz/file/OJNVGLQC#tWWlOICaDMvuFsJQJcXctPykzZKerM4Nq1t1yYAj76c
225;Germany;;refund;Amazon Rechnung 3.rar;25;https://mega.nz/file/CQdGmQLQ#8PpscwqhW6pHqx3cvHgQeVf83xNO6bGZfyfY_JCAAL4
226;Germany;;refund;Amazon Rechnung DE.rar;25;https://mega.nz/file/fB1jyB7T#f4__BUZ-7EuxSGPIMdSt3n080RKyKlh6UPYl1AcB3Bk
227;Germany;;refund;Amazon.de Rechnung DE.rar;25;https://mega.nz/file/Oc0HQbLZ#ttawxeBbRU8QBodRPoCd1JKUiiQ4pz8ChmipJo4R4wg
228;Germany;;refund;AmazonBusiness Sample Rechnung zum bearbeiten DE AT.rar;25;https://mega.nz/file/Wd02FTKb#6HJCbZsHwS8YxZy3xVTrZMB7jSzoj8Qgbn2GEU0Hgwo
229;Germany;;refund;Apple Store Rechnung DE.rar;25;https://mega.nz/file/PMkkwSDC#g2XMRB4e26L-jBOthHMmIUXwxJN3ySvEdsX8Yso7TyY
230;Germany;;refund;IKEA Rechnung DE.rar;25;https://mega.nz/file/Pd9j3baB#Iz_bfaptk04gout6eGPlPN4p-A9eaEdQLkKbMvrApJo
231;Germany;;refund;Media Markt Allgemein Rechnung zum bearbeiten Österreich.rar;25;https://mega.nz/file/nJVQSSDA#blNVtt5SlchmIlFsb0rX_WilsMFJGwH3iEe8zdiEnGY
232;Germany;;refund;Media Markt Martkabholung Bestellung Rechnung Deutschland.rar;25;https://mega.nz/file/vItEwLIB#D1-7ZQP-NszwYRTzZYXUnu0QkTAoyWZQVNqoJH1gFxk
233;Germany;;refund;Media Markt Online Bestellung Rechnung Deutschland.rar;25;https://mega.nz/file/TUUnzDJD#jeIZ7MmVLz-pIkCG-nJRVHhQzI_GvKozGDBFAktDU18
234;Germany;;refund;Mediamarkt CH Rechnung Powerpay.rar;25;https://mega.nz/file/LJkRQSTa#h3WnoG4Rs_evBRC74yFa6Qb_kpvTTbvUxAdZhS1d034
235;Ghana;;Passport;GHANA passport 2017+.zip;25;https://mega.nz/file/qV0mQDAK#R5wgIb8vLPkCCGfI6o65OgSRfUDJktmrBPWBCP5jEE8
236;Greece;;Billing;Greece Electricity Bill - DEI (Public Power Corporation).zip;25;https://mega.nz/file/6JFCTRDK#5StfoAXbXddLBtcTZvy3byAFw275xFPepsvigIvzOko
237;Greece;;CC;Bank of Greece.rar;25;https://mega.nz/file/iFFkDSqD#_FCimFAWcJdy5AVBVaRPDrSUPrtw1c15iv4fk0dPUcA
238;Greece;;DL;Greece DL 2013+.zip;25;https://mega.nz/file/fJljRbpL#EcnbVlEufKsbYJWqpT7PXKoo7f9P5nL2zvy7J8CXb5Q
239;Greece;;passport;Greece Passport 2006-2023.zip;25;https://mega.nz/file/qF8CmKqK#be_bPmXLHomDlNnvzklOWM9UpC-cdVONWo62PQhmrvg
240;Hongkong;;ID;Hong Kong ID 2018+.zip;25;https://mega.nz/file/LIkSnCyL#-5S286YkbSkRiNn8qObV2NYKVT0sL_1QJL_p5Ed7rjs
241;Hongkong;;passport;Hong Kong passport 2019+.zip;25;https://mega.nz/file/3VciFCQA#vIXFVfwxZrwIdD-yD6m6mx588d5bu40t5yXziqrE9IY
242;Hungary;;Billing;Hungary Electricity Bill - E2 Hungary.zip;25;https://mega.nz/file/ScMGnSgb#WtT8EQwTEeUzqmepsTZ6B1u5r7bL17onrvszsjypHm4
243;Hungary;;DL;Hungary  Driver Licence 2013+.zip;25;https://mega.nz/file/jUthED7J#-Bbk0sPh5CNnieDHyQZaX3HPDjhj9IBBg1XBH5kgjdk
244;Hungary;;ID;Hungary ID 2016+.zip;25;https://mega.nz/file/DQNknJBT#lMg3ycaLCb6ZwczMclN6Px0Q72UCrfR47s6KbjDnJ4o
245;Hungary;;passport;Hungary passport 2013+.zip;25;https://mega.nz/file/qd1z0SyD#0tehYITKvxGj0mS9u9nyjrBEEGB1URC7Bw_cng4F_7Y
246;India;;Bank statements;AxisBank statements.rar;25;https://mega.nz/file/eVUVXBaC#PhC1hM58au2_snmVPHpAlp08cFIxmxfGahev6jpK8as
247;India;;Bank statements;HDFC Bank Statement.rar;25;https://mega.nz/file/LFtUCITY#OGXqH6iFJOzXns49i_k3iAywvn06ZcKx58WHhLbOULg
248;India;;Billing;India Electricity Bill - CESC Limited.zip;25;https://mega.nz/file/HRMhzaLZ#oyh5FjgAPoYBwtrBElrBR5pJ4Yxmhu2AQNB1tjKqiJc
249;India;;Billing;India Electricity Bill - Mahavitaran (MSEDCL).zip;25;https://mega.nz/file/WcFg3KSb#PgzHdeh3yPwbHVULnvKq41cttugLV_usIqlA_AM8C-w
250;India;;Billing;India Telecom Bill - Airtel.zip;25;https://mega.nz/file/qQMVBQQL#f8CNztX8iqfBExC5wiSy02OsIGtRb6jZvT-HDNmOleI
251;India;;passport;India Passport 2013+.zip;25;https://mega.nz/file/XV8jhQ4C#LT2HTaFnKGhWI3txsDCFWOfRzJOsNCt5nSERUhxDkQs
252;Indonesia;;ID;Indonesia Bali ID 2011+.rar;25;https://mega.nz/file/2IEwDR6J#BOQgSBwbJ1SOkMCBg2Q6pG11yALAJc_1XsDDaKa3D8I
253;Ireland;;Billing;Ireland Telecom Bill - Eir.zip;25;https://mega.nz/file/nMFGEByB#YJOyBf32pZoCum1rpOi7UWc2LKUZPS7eLwy9IO6Lq-I
254;Ireland;;DL;Ireland Driver License 2013+.zip;25;https://mega.nz/file/eMUgSKrA#IE1a0pU3eGo9qKmvrsJ3r0YiFjaddtQzoGIot-s6nlI
255;Ireland;;ID;Ireland ID Passport Card 2015+.rar;25;https://mega.nz/file/LVc1nbLD#315LGibezVaYkAOh3ROAYyyS2YYhSnBlOaXv5aTcmVI
256;Ireland;;passport;IRELAND PASSPORT 2013+.zip;25;https://mega.nz/file/zYFUEKKI#7p-uWWi8j4uSQHUYG54F7Nv-5fmDdAthcOwaUSxEoI8
257;Israel;;DL;ISRAEL DL 2018+.zip;25;https://mega.nz/file/6JcmnTSJ#rjp062fYLi0BJueXpe13w7xU4I1oPm-cSW3mf8sVXQw
258;Israel;;ID;Israel ID 2017+.zip;25;https://mega.nz/file/rBs1kZKA#X0dgBKsZz89pevJdsXSotkdRwb9ihK-UOF6WuCS8SNI
259;Israel;;other;Диплом о присвоении степени магистра (Master Degree Diploma).rar;25;https://mega.nz/file/vIMzyZbC#DUxSBvlUlMBDzMeOtUK_L9vaegramWpTAtBgs7TFzfY
260;Italy;;Bank statements;Bank statements Intesa sanpaolo.zip;25;https://mega.nz/file/jMtQBJ6C#D6Cr4O9kY8txSW09rumPVae6vYWlp_jCc-Q7ukXq0yM
261;Italy;;Billing;Italy Electricity Bill - Edison.zip;25;https://mega.nz/file/mNMEWQJL#Auqy44gOJh6pOSSOjacG16fpj8m3N-rkjpVnb2gAUE8
262;Italy;;Billing;Italy Gas Bill - Enel Energia.zip;25;https://mega.nz/file/2RETxTBK#cc5Rd7PpKQR9FAczvGZctQ5SEw8sne891HK2jlI1aOY
263;Italy;;CC;CartaSi credit_card_RETRO.zip;25;https://mega.nz/file/rI8XzBqD#9oEvyRDzU1xdIJQx9qRdNHgieR1jG_Xy6sD89G0npHQ
264;Italy;;CC;San Polo bank.rar;25;https://mega.nz/file/vAdjBbBS#Z606QwtK_LaiAF1ltUgnJX94am2I4nM3QnUvqgg-mwM
265;Italy;;DL;Italy Driver License 2013+.zip;25;https://mega.nz/file/6ANjUDIK#D1xyYsh0jezGTUbj3lJoc0G76_i1di8orGEm8O6UxJU
266;Italy;;ID;italy ID 2018+.zip;25;https://mega.nz/file/XAFg1J6A#Mw6f1LQ0RCbSJ7CWeuN1HGdtcir7znA0B2PJ9jQX9mQ
267;Italy;;ID;italy ID 2022+.zip;25;https://mega.nz/file/DI0m1ZzY#R5gntO9wo9H4_DGRIJoFswpAXchr0baico1eMTeSB2A
268;Italy;;passport;Italy passport 2006-2018.zip;25;https://mega.nz/file/WBEDzZJZ#ycLVHaGScd0s0DGSSir0b7Af0fYyjAeJUEDCKnMgyKk
269;Italy;;passport;Italy passport 2018+.rar;25;https://mega.nz/file/iBN3WCjK#-cCamgalUlTA-Njp38wxKKhuKJu6eIaaMTE6rpOdw7Y
270;Japan;;passport;JAPAN Passport 2013+.zip;25;https://mega.nz/file/uEFhSKAS#hw_mjXzHTinHTKqEvxuZVKtjQsqGsi3PDrOhTfkNMNg
271;Kazakhastan;;Bank statements;Bank statements Halyk.rar;25;https://mega.nz/file/uRVhCJyZ#LnDf_MR4mmF8KkooCPSEG7HEyYiC-2KGBc96TubU3Y4
272;Kazakhastan;;Bank statements;Bank statements Kaspi.rar;25;https://mega.nz/file/KIdlTLiB#pGlB9dIUh1YHq6ohzadCeaLlJ1JlVLx_Vv7SoVcF6IA
273;Kazakhastan;;Billing;Kazakhstan Utility Bill - Astana ERC.rar;25;https://mega.nz/file/rRMFEa6B#aV9aUcYKSgego5PwG4QfMZrEopKkzW3WQxYjaSOUxmk
274;Kazakhastan;;DL;DL Kazakhastan 2015+.rar;25;https://mega.nz/file/LNMWQAaA#IDjR3cdLoKEumEwvKMSH5-zmcAXN6LniOwxp-xv1XEE
275;Kazakhastan;;ID;Kazakhastan ID 2014+.zip;25;https://mega.nz/file/HFkiBCbQ#8uynwNeO0hecttR45-iayEnnXsteV8bzBg3W2j143nI
276;Kazakhastan;;passport;Kazakhastan passport 2013+.zip;25;https://mega.nz/file/HANzQL5K#71rdfJi5p9lxOt7Y-tbHHbcI93FmUHshbFkMSZzcX5k
277;Kenya;;ID;KENYA ID CARD 2010+.rar;25;https://mega.nz/file/yY9ijDBQ#wzX6BDwVuLHJdiEqPJBGGdx2GzhQmSWRdtMeaYXcK84
278;Kenya;;passport;KENYA Passport 2017+.zip;25;https://mega.nz/file/CRkySC7Q#AHvfIlr6S6g902AxSHX9WjY3MiMh1qKGvFRIvkOkGDo
279;Korea;;ID;KOREA Alien Registration Card 2011+.zip;25;https://mega.nz/file/iNshkLCC#RYjIM8WgwwubTXzfdANSX9jG0RTxTFRujcMc9aHzFWI
280;Kyrgyzthstan;;Bill statements;Kyrgyzthstan Utility Bill Gaz - Gazprom.rar;25;https://mega.nz/file/SM8m2AaD#v4fNIlazH00hXSd8U8Iq3xXMsGEbTuBSr0MFSwzi8JY
281;Kyrgyzthstan;;DL;Kyrgyzthstan DL 2019+.zip;25;https://mega.nz/file/CJEnDJbK#Gqyd49gkF9TNrT3e3noQ9HtTP7bfYKbaHYN44OzpLGE
282;Kyrgyzthstan;;ID;Kyrgyzthstan ID 2017+.zip;25;https://mega.nz/file/WMVXRYYQ#e0YGoefXrcr2Ysd1o3fVTM_KZVyTEL2rfXz0sMrKdrc
283;Kyrgyzthstan;;passport;Kyrgyzthstan passport 2006-2021.zip;25;https://mega.nz/file/GI9SSTbZ#cOtIgNe6WqXD7EDrsFmrobsg0jJgY7tS7w1-R7YdJzE
284;Latvia;;Bank statements;Latvia Bank statement - Swedbank.rar;25;https://mega.nz/file/eQFnGRKY#eScaLjDhOgPzSLniQIIqpzhv1b2JayImNtJoIyh6OOE
285;Latvia;;Billing;Latvia Electricity Bill - LatvEnergo.zip;25;https://mega.nz/file/aN8QXZhB#iDsrxAu7GzqTM5lyCUD2Oji8oHYkYwzUOK7hVx1LIcE
286;Latvia;;Billing;Latvia Phone Bill - tele2.zip;25;https://mega.nz/file/6Fc3HCZA#nt-znHB-kHMRI5VzytYK86s0IxX4is8A9BDi7eVYwe8
287;Latvia;;DL;Latvia DL 2013+.zip;25;https://mega.nz/file/vBdAHbaQ#JXTU2ViQvm2XHrM_6_Cfng6O3Q16eJ8Zt9RunSB_On0
288;Latvia;;ID;Latvia ID 2012+.zip;25;https://mega.nz/file/rY9RDaYI#MQPnIcIYM8QK4sRulqcerriMHoT4RHmh1SiJc1KfFX0
289;Latvia;;ID;LATVIA Residence Permit 2012+.zip;25;https://mega.nz/file/jUkk2DCA#Uijc2rmG0yzzb60a5ky-_wL_R73b_Pul9RY6Q5WXLgs
290;Latvia;;other;LATVIA трудовой договор.rar;25;https://mega.nz/file/aVcUwL6S#8UJXsBkBGq_s3Yy7wq9MmuHI0abjeguzJ-oBzCsvOFg
291;Latvia;;other;справка об отсутствии судимости - latvia.rar;25;https://mega.nz/file/vJEEXQYK#fDTUZm6Z7jhJtG78ATGS6yrfNnwp1dilBWdbUY93_Oo
292;Latvia;;passport;latvia-Passport 2007-2015.zip;25;https://mega.nz/file/GNUmSLrL#3XVNMOQoorvmpHymSThUs_1Pwh1VJf5drc1kmKPJrO4
293;Lithuania;;Bank statements;Bank statement - transactive.zip;25;https://mega.nz/file/eJdi2DIL#RrQzompVisxM4Fg1O_c8-eGvr9j6Ke_6Sn7zUZCiais
294;Lithuania;;Billing;Lithuania Electricity Bill - NLEA.rar;25;https://mega.nz/file/CUNSEa5I#GTGeCNIfpKkDFsL7s_2bTJhtLyoB-eXeGsN27anKVIk
295;Lithuania;;Billing;Lithuania Telecom Bill - TEO.zip;25;https://mega.nz/file/6BlyjbQB#adNmyMODF7CPDNt73ZEIlV2nsTE5eIqVsjgQtXjqP0k
296;Lithuania;;DL;Lithuania Driver License 2013+.zip;25;https://mega.nz/file/3UdxGISS#mCQBb7vfVh53n2oVQP1PUEkdaA94-LhtcE4EEIxkxHs
297;Lithuania;;ID;LITHUANIA ID 2021+.rar;25;https://mega.nz/file/SBF1HS5Q#cMKGHYZD0zNSqggnWu1j6aEkKDgPrJRKqNP0HJ-Uxyg
298;Lithuania;;passport;Lithuania passport 2008+.zip;25;https://mega.nz/file/XMtClAAL#6-J9gtdi-NRyedn6ZsWg0TRIN2E5np2ukucFE-k6LfE
299;Luxembourgh;;ID;Luxembourgh ID 2014-2021.zip;25;https://mega.nz/file/aFUwzSDT#cjJHfajiIWP1_yDpMRLsp13zyoOHY3M21eAje0RaHcg
300;Malawi;;passport;Malawi passport 2023+.zip;25;https://mega.nz/file/vAlnwRjA#fO3AXLyVupas3xrBNJtHqWL_vdDQEscLtpkO7rcOyj8
301;Malaysia;;DL;MALAYSIA DL 2013+.zip;25;https://mega.nz/file/7U8gzaKB#UutuxyV4KutS2u4RYLcJq6JnZj5Wruwp2y1JGut9AUU
302;Malaysia;;ID;Malaysia ID 2012+.zip;25;https://mega.nz/file/2FlVlAIQ#TSFtgk1cDW-kPtJK3gA7gXcn2_sUm00igL5S3jDzAgg
303;Malaysia;;passport;Malaysia passport 2017+.zip;25;https://mega.nz/file/bJt01BAa#Lbhxj0l5YVWWcDj_eiyG0EdLZckuRNuDaoYnl7X1bFM
304;Maldives;;passport;MALDIVES passport 2016+.zip;25;https://mega.nz/file/acEHCa6K#A2-zYLqMC0pRajFa--bv_pJLaNmO5QMfb8hms7GyCeA
305;Malta;;passport;Malta Passport 2013+.zip;25;https://mega.nz/file/WB0jEYZD#sUGvfx8jNGU9IoGhVDM_bHwaKS-ujwtmiB3Owvaq7eU
306;Marocco;;passport;MAROCCO passport 2009+.zip;25;https://mega.nz/file/jZ9xlLpY#L0HvXHrnMXZFZMDkJ3jnY8v0noSlTiBJ0CX3fe6YXN4
307;Mexico;;ID;Mexico ID 2013+.zip;25;https://mega.nz/file/uBt2zJrB#vfA4Wfcl5jcpSXCBvCK9GjVxGjoZ-3HtZxfD--gW7uU
308;Mexico;;passport;MEXICO passport 2021+.zip;25;https://mega.nz/file/KU8iRKBY#XRcDmRvi70_9cSqSpELsuSGnpFblItRz7rwqgLUseWI
309;Moldova;;Billing;Moldova Gaz Bill - MoldovaGaz.zip;25;https://mega.nz/file/qFVhxZoK#C2aRKc3yMdKnDyYHyu44ui16TAvMwgpobGn12SnweHk
310;Moldova;;ID;ID_MD.psd;25;https://mega.nz/file/Gdl3VZqA#hk-oasPPB1jhAPzuonTRQWQhsmqlcniQpdl4D2PIgDk
311;Moldova;;ID;Moldova ID 2015+.zip;25;https://mega.nz/file/rItQnARY#Ax779ZL9jxgKODcFal05Rw97qZuIZMmH2KvFR_lzA-Y
312;Moldova;;ID;Moldova ID photolook.psd;25;https://mega.nz/file/mBMmQRzR#OlL_JOx3qURKgy0GTLPNXLBcYbHNwjQMKQ5NIr7WXcw
313;Moldova;;ID;OCR B 10 BT.ttf;25;https://mega.nz/file/ackQmaLD#Z9eP40UZbEakIOTVY6pqr3OQKoGgA2XSI586NelnOGQ
314;Moldova;;passport;MOLDOVA passport 2014+.zip;25;https://mega.nz/file/KJ9m1CbB#vmwNmYQ1WLY0_YxYjATkBsjoLaW4sD2tnYUtjsT0PD4
315;Nethherlands;;Bank statements;Bank Statement BUNQ.rar;25;https://mega.nz/file/qI8lyByS#EYbfVOcoKqlN0fbdYk9NUJ5uVmt80adVk4uSy4YRqW8
316;Nethherlands;;Bank statements;Bank Statement ING.zip;25;https://mega.nz/file/zZ0URbaI#fxzws8RAvRy2HAO-rUikdEesS1ox7Bmu3olyux9Q1m0
317;Nethherlands;;Billing;Nethherlands Gas Bill - NuOn.rar;25;https://mega.nz/file/DFFFDQZL#si6QQ6ynDjeaFLVIgUQS4mQSBat-f5RvDIAZDPvq_YI
318;Nethherlands;;DL;Netherlands DL 2014+.zip;25;https://mega.nz/file/WdcAlSgZ#0h7u3RkLmaVruD8ZYjtS4vVewBSna_jfXwNl0dUPdCA
319;Nethherlands;;ID;Netherland ID 2014+.zip;25;https://mega.nz/file/jMVjERjD#U4kVI0RtdmXoL-QVikHoN18cax24cU_U_R2132vb4TA
320;Nethherlands;;other;Сертификат страхования морских грузов (Certificate of Marine Cargo Insurance).rar;25;https://mega.nz/file/2Z1gmRbQ#FdCqGlxMX5mYl1sveNaJy2VXCFFxPzz2cwQ2qhL8_IA
321;Nethherlands;;passport;Netherland passport 2014+.zip;25;https://mega.nz/file/Td1GhKAI#4uVqu5ZAdztql4LioNEnLHCPNElZW7_D6VWLeqR6sqY
322;Nethherlands;;;нидерландские названия месяцев.txt;25;https://mega.nz/file/7MViDB6D#cJAEDmnoycl2HP_zK1tC0khmpLbwrZYXUvrvoiDOumg
323;Nethherlands;;;Месяца2.pdf;25;https://mega.nz/file/bAtHSTDK#IdyOKPZgoqhCttRrMWbJMVlVTAVfNeJzmMlV4_pw6ok
324;New zealand;;CC;New Zealand ASB Bank visa classic card.rar;25;https://mega.nz/file/LNUH3IyQ#aPwcqbiBa3wniZ5cqOVYP2eVCpf9sYuVCWFdZZXVhKc
325;New zealand;;DL;NEW ZEALAND DRIVER LICENCE 1999-2021.zip;25;https://mega.nz/file/mYV1nLiC#NUiRBCF8XDleyssYFAmxrbD07GZhzeEGSSb96gFMB4g
326;New zealand;;passport;NEW ZEALAND passport 2009+.zip;25;https://mega.nz/file/uUFz0DRZ#0OZkWQv1MAYpV9AS4upwD3fDF3vEqy-2GgBUd03qvZk
327;Nigeria;;passport;NIGERIA passport 2007+.zip;25;https://mega.nz/file/DQUCET7C#2uSuY7d_dNPRWTsjyfI2jyzYGyeosZBGrnnMf6ZU91w
328;Norway;;Billing;Norway Electricity Bill - BKK.zip;25;https://mega.nz/file/DFVUhJCb#qKvCS3zrhyYjSeHlVeZc207a3BSiO_a-zKq4kmTN570
329;Norway;;DL;NORWAY DL 2013+.zip;25;https://mega.nz/file/LI9z1ahY#GEfyodhsGn4ST84b05w18es0mklrvae7B-r1KNRs-jA
330;Norway;;ID;NORWAY ID 2020+.zip;25;https://mega.nz/file/7UcRwRAQ#Sl94tUTWQ6cmv8mC4OZ5PrfJaxcg1T3VQraq9dFARV8
331;Norway;;passport;NORWAY passport 2005-2020.zip;25;https://mega.nz/file/HIkCxL6b#k1eZ7bDp3Wmu1B0Nx4gpY91sK6BvWFEwtzsvDudXutg
332;Oman;;passport;Oman passport 2004-2014.zip;25;https://mega.nz/file/aM1CjIxa#-uCvG7w5OA8IufS8vT_2OZfw4ewJRJAVFRycROenM9s
333;Pakistan;;ID;Pakistan ID 2012+.zip;25;https://mega.nz/file/DQ0CjSxJ#xW1WRmXWa9K1oMOYYIAOVqM8D-FB5AeX9HO03QiCcLQ
334;Peru;;passport;PERU passport 2011-2016.zip;25;https://mega.nz/file/mZNjwC6R#3goJWtkTSAdbj4R7uAXEBYTRDPM3bhsIO_DTpt7e3sI
335;Philippines;;passport;PHILIPPINES passport 2016+.zip;25;https://mega.nz/file/jc93GI7a#cram6d-Vpo1FvPlK22FX8N3iMuoryEsJ4Qz-U20ibQk
336;Poland;;Bank statements;International Payment Confirmation - ZEN.com.rar;25;https://mega.nz/file/qVVRyRyZ#PmbyHJYvisniCQJ41Du27pR_DetjAYI_ZqjCVHNtLOU
337;Poland;;Billing;Poland Electricity Bill - Innogy.rar;25;https://mega.nz/file/DM1xmIoR#enUAPZGGaYQuOVS2zFtbZxSOBROi3nWE7GQc1NO5KIs
338;Poland;;Billing;Poland Electricity Bill - PGE.rar;25;https://mega.nz/file/vJdCWISb#n6x-G4FTgRYQ70iPK07NZnk3Dqzkczkay9bsplSkZPs
339;Poland;;DL;Poland Driver License 1200DPI 2019+.rar;25;https://mega.nz/file/OddQxbAK#s_5LOHv0-VpLy2IhiOqLf2D3HUEMK9UDrZVaBpyhG2k
340;Poland;;DL;Poland Driver License 2013-2018.zip;25;https://mega.nz/file/CYMDAZAS#YLAMXxHPyOT6_Kqtvpq4UzDlv3o8K6Bmw-ycwNAGAos
341;Poland;;ID;PESELGenerator2.6.4308.32425.zip;25;https://mega.nz/file/7IdgHA4R#tGKtmL_wVjC8WO8Lz--ZPWwh4lv3EUef0uiR2yDPqhI
342;Poland;;ID;POLAND  Вид на жительство (Karta pobytu.zip;25;https://mega.nz/file/6A9Fwaja#WtqERxtb8mCEJ2HxyNZg2sOt1sfluWzCSD36ezj61Ao
343;Poland;;ID;POLAND ID 2015-2019.zip;25;https://mega.nz/file/HdUh1QpK#XXOVgcm2H0j8kZWMoXoIxA0ckiW0INgMShLfTdtyEZM
344;Poland;;ID;POLAND ID 2019-2021.zip;25;https://mega.nz/file/WE9VxZpI#hY0_lPmeQLs47KBdSNqi42paXotrJ6qOhdL2xKuz0hQ
345;Poland;;ID;POLAND ID 2021+.rar;25;https://mega.nz/file/iEc3RZRZ#_xA8PWs_Dh2o-jNpIez2pmRvB237u_RgXNJlDV_3mUE
346;Poland;;other;Poland Advance Invoice.rar;25;https://mega.nz/file/mBtknCRb#AuT5KvG6qOR7SCpA-dxumzvretzseRaF3l--LF7kxfQ
347;Poland;;other;Poland Invoice.rar;25;https://mega.nz/file/fEdFxJYY#Yta9ZzPYJ9hARJ1WDxzKzOoI6KCk9IxyGOEy8P-cpIA
348;Poland;;other;Poland Return Label - Zalando  DHL.rar;25;https://mega.nz/file/yZkEHTwJ#6kToChRkJ41HA3SNN2sfp_7FVhAiWz1RHjKTW1xBo_I
349;Poland;;other;Страховой полис на автомобиль (Polisa ubezpieczenia PZU Auto).rar;25;https://mega.nz/file/vAc3AJaa#U8mVZa8MjnS3EITFB2MwLq6rCkGtAKFN-lYHzEb9CHQ
350;Poland;;passport;POLAND passport 2006-2018.zip;25;https://mega.nz/file/jEkH0KDQ#KuIjS5oFCNKJFBDduUmA0asEL0hvirxBXmnkvYHpe6k
351;Poland;;passport;POLAND passport 2018+.zip;25;https://mega.nz/file/mRMhhKZD#xHf7X6x6EmxnRmEn_-oBsdzdbCqrNVNgPad_gQt9QrM
352;Portugal;;Billing;Portugal Electricity Bill - EDP.zip;25;https://mega.nz/file/bcE3zYQa#zFEHLdgY0hBhTpHIijUzceje-x7hxQCONO_9CTITwLo
353;Portugal;;Billing;Portugal Electricity Bill - Iberdrola.rar;25;https://mega.nz/file/jUcRGYZL#L5egpVbwhfMSvv_Fe2JmoJxngfewpdQ_JE0nXCntKqs
354;Portugal;;Billing;Portugal Utility Gas Bill - EDP.zip;25;https://mega.nz/file/CZEkHBxC#m_knf5zrBEZ5DPbELB6w9_BDBAUBWbr--k_Kg9m-F7w
355;Portugal;;ID;Portugal  Título de Residência - Residence Permit 2012+.zip;25;https://mega.nz/file/vQ9k3LzJ#ZPEyVge3wtXNPCZj_MAnjNvRxZuKNswvAm5wss0fDHI
356;Portugal;;ID;Portugal ID 2015+.zip;25;https://mega.nz/file/mUsT1BSS#24WabpzXUej5BLWbAbS5WVncRlBtUcGwFSJyCn7J8Eg
357;Portugal;;passport;Portugal passport 2017+.zip;25;https://mega.nz/file/qc8HzZja#r1-evPIhN7CWZVtxmNVF_p2KB9t_kZVoOFmnXFXmVuo
358;Romania;;Bank statements;CENTERCREDIT Bank Statements.rar;25;https://mega.nz/file/vJM2AI5b#Y0voozVZJNBZVK5SbQQxIIkOozx1KtLLBTgYw19ly-Y
359;Romania;;Bank statements;MOLDINDCOLBANK MICB Bank Statements.rar;25;https://mega.nz/file/vZ1VFZTZ#hcU0Bs_UdCBvnmgqfX32dc03U4S0nNfVU4lgPYhPxGM
360;Romania;;Bank statements;REVOLUT Bank Statements.rar;25;https://mega.nz/file/7E9X1YSK#6oMiOGqoZqyt10osmWk6E7Jyo9aAUcCIR3YDDBKQZ_o
361;Romania;;Billing;Romania Electricity Bill - Enel.zip;25;https://mega.nz/file/yVk2lZjR#jVWrQ1yIDN_ixCC8ROxUhF3epZC9GvQMkXx36oAHV_U
362;Romania;;DL;Romania Driver License 2013+.rar;25;https://mega.nz/file/mAtkxTIB#wh8YtPM_YrYFOZ1zLcc-vbGd7OKAfetXV_yEXqEa8MM
363;Romania;;ID;Romania ID 2009-2020.rar;25;https://mega.nz/file/rNsCVLxL#O2eluYPWdaHXxT19dXUsYx8EbxKVl0lbEXtCyzMK0k8
364;Romania;;ID;Romania ID 2021+.zip;25;https://mega.nz/file/qMsQnLRR#M7L92bbEHB1OsIIAIXLbSldhEiPHgDI9jiHmaGC5KaI
365;Romania;;others;Romania Police Report.rar;25;https://mega.nz/file/OItXiKCb#NEYC5dUoxWT4mX_f5GEsvkA9etmhb76jot32KsX6QfI
366;Romania;;others;Справка о доходах (Certificat de venit).rar;25;https://mega.nz/file/jJ110a7S#b7aqAb1XnTbAAY5aZz3fKqq9XJgr7eRHG1gEbPbUtxM
367;Romania;;others;Справка о несудимости (Certificat de cazier judiciar).rar;25;https://mega.nz/file/SBV0SRqL#yLsnsMvmM6gzXunlOyFbvWocX3FgSS1F7y9LDzyldFc
368;Romania;;passport;Romania passport 2011-2019.rar;25;https://mega.nz/file/XI9BhSbC#jol3VwynD5zRqohEr2Su2C8GyQxxXtk2orddF5zsGDk
369;Romania;;passport;Romania passport 2019+.zip;25;https://mega.nz/file/6ZMRlQBB#RVYGmtDdfEBHwCWnLD5c25hViNNjE-RIKyFRbNJq8oY
370;Rwanda;;ID;Rwanda ID 2008+.zip;25;https://mega.nz/file/jY0GwbDZ#grmuj3IS0H8G3EqwFJ5Jpb7F-PhbahxviF09svQkeoA
371;Senegal;;ID;Senegal ID 2017+.zip;25;https://mega.nz/file/mZcCnTjY#-FApQh3Bn5wogaBtaTLzcb9Q1wWbxKT49Mw12SHnxas
372;Serbia;;passport;Serbia Passport 2008+.zip;25;https://mega.nz/file/6NVgXAoQ#NJZzGgCeGE3y29CkkuizrHQlJJiOue1pR7DUJ9170E0
373;Singapore;;Billing;Singapore Electricity Bill - PacificLight.zip;25;https://mega.nz/file/HY9XgLCB#eyaPQ9w27CAoAtwcG4TLSRYfdx3FRC2oQSpsZWQI2tI
374;Singapore;;DL;SINGAPORE DL 2007+.zip;25;https://mega.nz/file/CNM0iTLA#M2bwjHyXKXfOyEktn7D4CsBcZ3iwk8ZFuY_-3GAkLok
375;Singapore;;passport;Singapore passport 2017+.zip;25;https://mega.nz/file/7NlkTbIL#sIxos4itqRsZw9hvkOgiTRtfPrUJB1Sg5hJjSh2hMiM
376;Slovakia;;Billing;Slovakia Electricity Bill - SSE.zip;25;https://mega.nz/file/3FFm3Dxa#sDCbiGNuJVY_ctRFgbr-flwVPgKbzhFvueT7pSOaN14
377;Slovakia;;ID;Slovakia ID 2013+.zip;25;https://mega.nz/file/vJ1RRIxA#jx97Fdmiyw6qHw9ar65N-qxDUFPeFd2HqiGgBAl_idU
378;Slovakia;;passport;SLOVAKIA passport 2015+.zip;25;https://mega.nz/file/yA9SXKjD#AXKIw699O4MFVneP44GWFFlXkWGhkdLodpaRmvofqWk
379;Slovenia;;Billing;Slovenia Electricity Bill - RWE.zip;25;https://mega.nz/file/XZkUCRCL#uJvyHcnNnJSztReBvGDNqiag_9APJV0yJAcK_QhjTH4
380;Slovenia;;Billing;Slovenia Utility Bill - Infrastructura Bled.zip;25;https://mega.nz/file/GNlU3ZKB#Mo_ur3NFDNOmVqh2mGNtWSz4v7KdBmanO8YMd6w-wcI
381;Slovenia;;ID;SOLVENIA ID 2011+.zip;25;https://mega.nz/file/zVlFmbbL#jd7aQ0E2YnWQ9hVqiMGxz9NPVPJ32BJpPwPT_Zo5-B8
382;South-korea;;passport;South Korea 2008-2021.zip;25;https://mega.nz/file/HNkC0bjI#z-xQLOPbsODz535gz9B4Wh0zf_r7iWvulf-KEohRaT4
383;Southafrica;;ID;South Africa ID 2013+.zip;25;https://mega.nz/file/bUUzQSjJ#UHB9uGnlauMwZO4mKRI1YzkEktQLkY1NOAtZLN0KZEc
384;Southafrica;;passport;SOUTHAFRICA passport 2009+.zip;25;https://mega.nz/file/Cc1XxKTJ#8RyH_fHfFuBL5nlwwWiK4XRPFFCJskG8-ySKqtGrj4M
385;Spain;;Bank statements;Spain Bank Statement - Bankia.zip;25;https://mega.nz/file/3AFDEaRb#6a8subir13idUrYBvW4YcD8eQbRjMXB1INVp8k1Enn8
386;Spain;;Bank statements;Spain Bank Statement - BBVA.rar;25;https://mega.nz/file/WcFhFKwY#LAoS6lVNc7gYtwk_jBKuHfBcdaMbi7naRICRM-ae6G4
387;Spain;;Bank statements;Spain Bank Statement - Caixa Bank.rar;25;https://mega.nz/file/qQ9EFQYR#qiasI3y_MZeiFl2RMwfFbNGXuF_dikIg_YF3SDuBqfY
388;Spain;;Bank statements;Spain Bank Statement - Revolut Business.rar;25;https://mega.nz/file/GIFXmCoS#BqRbePfV228szxvNCc_pTqZh8L12bTjyl5sx1PlTlZk
389;Spain;;Billing;Spain Electricity Bill - Endesa.zip;25;https://mega.nz/file/vRVyQAoS#QwdVlJDvNL-jjegiPb6_eBtA0Nss7gOT2iDzj7a-huI
390;Spain;;Billing;Spain Gas Bill - Gas Natural Fenosa.zip;25;https://mega.nz/file/2AETRCjS#lkYctjs54oZ1wSR54e6Uzz5JJbsw0MLRB1rNLiOdP10
391;Spain;;Billing;Spain Telecom Bill - Orange.rar;25;https://mega.nz/file/DcsBhAYA#Mo_XTymC6RthR2ZWpiFo-VsBlB8w2BFvUmyK38sckdo
392;Spain;;Billing;Spain Telecom Bill - Simyo.rar;25;https://mega.nz/file/fIsTQTSb#ETezo81Wl5fZCWzACafUo8Wh5J4MTL1Z4RD78k3TJqc
393;Spain;;DL;Spain DL 2013+.zip;25;https://mega.nz/file/HEUVEKgZ#n5xShjVsxiij_0zC44gqLrlVzeham7UHbUPD8DXKOx8
394;Spain;;ID;SPAIN ID 2015-2021+.zip;25;https://mega.nz/file/zNkFQLxC#_xle90QQ_UtIBPPgcF9tZ-eHdyHYYD_1b_fjBQVB_6E
395;Spain;;ID;SPAIN ID 2021+.rar;25;https://mega.nz/file/aRtwBLaD#X7j51YTjkAGrrCWEvtp6vz-UyPcuPR2_hhUL-JqIKh0
396;Spain;;ID;SPAIN residence permit NIE 2020+.zip;25;https://mega.nz/file/rJ0X3aZQ#rfoyRqWxbaL5MsfhKL379ML1i3W27ls9Fyj7Y7756fk
397;Spain;;passport;SPAIN passport 2015+.zip;25;https://mega.nz/file/zJNFgSbL#0LCIeoYvsgFGCn_U-7fKPerASr2Cuxs7cLQWIbgsww0
398;Spain;;VCC;Bnext.rar;25;https://mega.nz/file/bI8WSDiC#pCPwtnp20uoGE55gMb6-ZcOBJjA_05vqQM5LW1zbNHk
399;Sri lanka;;ID;Sri Lanka ID 2021+.zip;25;https://mega.nz/file/vMUjkDpZ#7Q_VFAKc2RBOiIh-s3P9Yy2JpYWiCZDEnUEF5S27CSs
400;Sri lanka;;passport;Sri Lanka Passport 2011+.rar;25;https://mega.nz/file/rUVXgb4Q#MwvxT-uIFpvkwZPDseOPq6_fLnNNdguD73ts53nFmJ0
401;Sweden;;Billing;SWEDEN Telecom Bill - O2.rar;25;https://mega.nz/file/TFFAQSwS#CgF-I2GqlHoN2OgNY7RDAgjau-HeB1AHswpD1kDq0qs
402;Sweden;;DL;SWEDEN DL 2013+.zip;25;https://mega.nz/file/ycFwhDCL#Mg_74VGJJZnm8UD1comj_vHGDYjpJg9FeUT2-86Se2Y
403;Sweden;;ID;Sweden ID Identitetskort 2012+.zip;25;https://mega.nz/file/nUNH1ZyR#LdW063p0OJFl69nsjzEn_V1SIir7P0aoJLgXrUFRQ8M
404;Sweden;;ID;Sweden ID Nationellt identitetskort 2017+.zip;25;https://mega.nz/file/fYVBFSLB#jmdseNZXm7pPpze7py_Ao8HQO-_ww_ER-66eUM8c2yg
405;Sweden;;others;invoce - Proshop Rechnung Schweden.rar;25;https://mega.nz/file/nENE2CrC#zTgXTYODyqdxZAy_s7MbB6e9qTSCE6FKHnclfvEYRS8
406;Sweden;;others;выписка из реестра судимостей (Utdrag ur belastningsregistret).rar;25;https://mega.nz/file/mVcghDCY#GNJYw1W0QGkOHjHGMiqHpxXiREWlykIyRm2ROMyoLL0
407;Sweden;;passport;SWEDEN passport 2012+.zip;25;https://mega.nz/file/3IMgAKQD#QCPtRBg9gVuulUAEOZwozfOJIV5pKqjWndYb8AJNpmo
408;Sweden;;;Sweden Швеция месяца.jpg;25;https://mega.nz/file/KR9w3JgK#5X7V5PD-Wy9RbiPCIhHi8dHGRvdHhJ6ycxFkae3aYnM
409;Sweden;;;Месяца3.pdf;25;https://mega.nz/file/CQ0kCCCL#r_wUvLyN5bixxvllJ8WbDg7W2Wl4spZc83u53OdKng4
410;Switzerland;;Bank statements;Bank statement - Cembra MoneyBank AG Kreditkartenabrechnung.rar;25;https://mega.nz/file/LVkjyBpa#F7jOVAA5bm13n0IzTQ5X25L8NYhpnWN2JtdlX5zLSlA
411;Switzerland;;Bank statements;Bank statement - Migros Bank Kontoauszug.rar;25;https://mega.nz/file/zEsQ2JJb#6UPuMlR7KVmolqarqFidF2dL5MO4TnW6L3c-rcP2GCk
412;Switzerland;;Bank statements;Bank statement -Credit Suisse.zip;25;https://mega.nz/file/SIMR0YSS#8H5-mXzmcjl0vscjbES5YJC7YOTkgVKx2x5L6BKQ2RM
413;Switzerland;;Billing;Switzerland Telecom Bill - Sunrise UPC.rar;25;https://mega.nz/file/ScN2WRbR#ad5H7Cqk138xaxab3qZM_3Q2m9AD2XuQNROT35Kr8QU
414;Switzerland;;Billing;Switzerland Telecom Bill - Swisscom.rar;25;https://mega.nz/file/LAt0mTYY#vhHiGDI_pUBnTG-XuCqNStAfShDflYQdAPHCS2YLogs
415;Switzerland;;Billing;Switzerland Telecom Bill - Yallo.rar;25;https://mega.nz/file/iE1nCJ4D#vLCEhpwG4Qqg9Tiicfo1QIEinL4Mar8H0_V2MlUOIm4
416;Switzerland;;Billing;аренда авто - Carvolution Rechnung.rar;25;https://mega.nz/file/HV902CqB#FY7d5n95sGKbwDLHt5izTwH8-pdq4Asl6qPESWdn0ys
417;Switzerland;;ID;Switzerland ID 2003-2023.zip;25;https://mega.nz/file/qYFXwAKS#SPjMdNTSisbRjCOmrCD13ZLFwb6jzba7esQB52q-llw
418;Switzerland;;others;BestSecret Rechnung zum bearbeiten DE счет-фактура.rar;25;https://mega.nz/file/jQUUCYbZ#H7ohiKy_Vzx0rMLDjbxjeYdCUnCdNzhlAWgb6rR0yfA
419;Switzerland;;others;Switzerland Retail Invoice - Zalando.rar;25;https://mega.nz/file/SBVl0YjR#ffFqi7e_3DpJn6tdIYAgcf38xqvNvLoChsNB9HO_FMk
420;Switzerland;;passport;SWITZERLAND passport 2010+.zip;25;https://mega.nz/file/3d80zbLB#ECDn0hZvrLsKLyfb1qynl3moMa7XUzAPbhMufXLTB_w
421;Tadjikistan;;passport;Tadjikistan passport 2010+.rar;25;https://mega.nz/file/qRURWTgJ#bU_DBYn_3XD4DK2d14kgyPx_CSOu8PNhRqFC3VO5_9I
422;Taiwan;;passport;Taiwan passport 2017+.zip;25;https://mega.nz/file/TZd1TRLZ#MJb3XBAYGof-Vr-NJxyBiZQ3lyJLb2n4RviO4YnsU2Q
423;Thailand;;Bank statements;Bangkok Bank.rar;25;https://mega.nz/file/uNlUFCQI#r2E6o3VZbDPECsF_5doqaPnhirAxxhMNZJvqmEq_aRk
424;Thailand;;Bank statements;Thailand Bank Payment Advice - Siam Commercial Bank (SCB).rar;25;https://mega.nz/file/PBVSVaDZ#2nK9lUQeN-LlqD2-1ohbg9_RKqwaEfp8b_I2X9J4QEY
425;Thailand;;Bank statements;Thailand Bank Statement (Historical) - Siam Commercial Bank (SCB).rar;25;https://mega.nz/file/vE1UGKxJ#5XvK0ZjUYkrWWEy3HzOkoVfZ8GOQyen9xXqjEnuLXb4
426;Thailand;;Bank statements;Thailand Bank Statement Certificate - Kasikornbank.rar;25;https://mega.nz/file/nE9wQBAZ#HRxGpQG_ZsvOmHisTJ_nlh7xeEUCZ6SmukijgLnU1-U
427;Thailand;;Billing;Thailand Electricity utility bill.rar;25;https://mega.nz/file/2R9nRJia#7GTf7cFASPQBlaFX0H-qr7QNlb9TovwB7kFs_nQ9CsA
428;Thailand;;ID;Thailand ID 2011+.zip;25;https://mega.nz/file/7YtXwQBQ#Tu5YIQOLR7BwzhFoDVxRxKWxA9Jt3xIlxbgCpwb8t3w
429;Thailand;;Others;Thailand Calibration Quote - Micro Precision.rar;25;https://mega.nz/file/iUVGhQwQ#m7b7g7Uu0vq9KTpgKkvjsA0Anqna_pAJLflbEFaY1Zk
430;Thailand;;Others;Thailand-Hotel-Booking.rar;25;https://mega.nz/file/WJMSlR4Z#Qf8XeyXsGDdJfjazzKXB_4ZOEIl9xkNXOlURNniAZEU
431;Tunisia;;DL;TUNISIA DL 2011+.zip;25;https://mega.nz/file/3cUkzbbY#2KC6VTXWM39z_XFYxmbRkGp_JsHQkuzg06AWUP1arSA
432;Tunisia;;passport;TUNISIA 2003+.zip;25;https://mega.nz/file/WZtVRYza#MSWBWx6QgWVizim8TYyavyOVS2FIuck808oSbmycWtQ
433;Turkey;;Bank statements;Bank statement - DenizBank.rar;25;https://mega.nz/file/XYVVnYIK#hTUVSYVvStFxqA398oeCYrcL5Me2LzvqabQQsxPfLeg
434;Turkey;;Bank statements;Bank statement - Vakif Bank.rar;25;https://mega.nz/file/SMcFAaCL#Zc0aofctN8Pw1zNbCmsK7b-2zKi7PqzMHbdCiuUL2NA
435;Turkey;;Bank statements;Bank statement - Ziraat.rar;25;https://mega.nz/file/2U0SnYSS#rvWTjxCScsCO1M-bKC8aLwWTdLJTza3CZYe1DeqA5-c
436;Turkey;;DL;Driver Licence 2016+.zip;25;https://mega.nz/file/TEV31JpD#9rMrPj6zuLrrgDT_Xj_qJWr-GgyhlmSHYlc7DfD70gY
437;Turkey;;ID;Turkey ID 2017+.zip;25;https://mega.nz/file/rNcGlRgI#G4oFXc3iXRfoe8_EK2Tv2vIXnz3WE8ZU7MtAnRCCZqM
438;Turkey;;passport;TURKEY passport 2010+.zip;25;https://mega.nz/file/eFNlmbbS#CfhEm2yK9v5NKsryda5T5_9FBStRPm_ToZMP7AkQ-ts
439;Uae;;Billing;Bill statement - Green Bill.zip;25;https://mega.nz/file/nJ9wgabY#9SO_Y1Ve7Hcduf5RWZgvEVMTd2VLDWYXKYX2UwFYEqQ
440;Uae;;ID;UAE ID 2010+.zip;25;https://mega.nz/file/XQUgSBZZ#amNYAvsuA63ek3ZmiASoDmyqOaNnlCYTFts3HU-nJk4
441;Uae;;passport;UAE passport 2011+.zip;25;https://mega.nz/file/qVVlSAJB#2SV4lSSHUS1JCCFcRYbQigO1MA1nodusyvr5wfmcN-M
442;Uganda;;passport;UGANDA passport 2018+.zip;25;https://mega.nz/file/HdF3CJBY#mfB9iqQ6b9BMJGw8chiygn41LN9H80ORwWawfnzfgvk
443;Uk;;Bank statements;Barclays Bank Statement.zip;25;https://mega.nz/file/aU8GSBKI#Lw-6p-qk70m1ACNA3fLkK_mDcPa9HJ-9PFWGIuzUvUo
444;Uk;;Bank statements;Chase Bank Statement.rar;25;https://mega.nz/file/HR1WHRTQ#b4SqIbs4_x4JL4OKCNEl7WJcfdqbxapGt4vXcHTDWdk
445;Uk;;Bank statements;HALIFAX Bank Statement.zip;25;https://mega.nz/file/iYlk3KCb#DKFymwRDx5AZ1qguvJaKdhj18vJf9WFS6Qou--ugOSE
446;Uk;;Bank statements;HSBC Bank Statement.rar;25;https://mega.nz/file/zd1xVKKS#KmFwHBYyy4Ik10hi2EfQQ1a6-tMbHISLNB9aT5JurQo
447;Uk;;Bank statements;Lloyds Bank Statement.zip;25;https://mega.nz/file/7UEnFDZI#aJnLU0vWeUSRAH37lnyU4q3KU3_LRzoyrB0e85MwkPc
448;Uk;;Bank statements;METRO Bank Statement.zip;25;https://mega.nz/file/vN1HRZ4Q#-TfkqO5U292kBtHrgFYmQppbShew2JbK4AwQ0op3BKA
449;Uk;;Bank statements;Nationwide Bank Statement.zip;25;https://mega.nz/file/KE8Q0QBK#7Nj-Eh_PYRmlcZetKvYAL0R5BenJGAJXQoRVPzuPO2c
450;Uk;;Bank statements;Revolut business Bank Statement.rar;25;https://mega.nz/file/nA9kCDzA#UhzLfrhRt3YifM8KOVIHbAoXzgvhfxDOjWTLGCkav_A
451;Uk;;Bank statements;Santander Bank Statement.zip;25;https://mega.nz/file/rEV2EA4S#eChZ0XY9NgDFH8TgNqMKL3m21yGz2Uhm6ZzihjX6i88
452;Uk;;Bank statements;UK Card Account Statement - Optimal Payments.zip;25;https://mega.nz/file/id0gEbrY#ogNxNNPrsItbQ8TClyej7GAMYAoVmhvFq11FhyEZw0Y
453;Uk;;Bank statements;UK Credit Card Statement - American Express.zip;25;https://mega.nz/file/GQtSHDiC#lzqSTttXOuHtep4Ht4hasoPWgD4KWIRT5Dg2FYDCTT0
454;Uk;;Bank statements;wise balance_statement.rar;25;https://mega.nz/file/ucNxBY5I#6T8fcqFZkZCed3fvt8Kkd9ruhcRp7e6NPWtqJ7t8UTI
455;Uk;;Billing;UK Electricity Bill - E-ON.rar;25;https://mega.nz/file/zVEi1C7A#xBgbZ1Wq_-GqmKJ_eNpjx84QU3u-VLFLN1DilVNKwZ4
456;Uk;;Billing;UK Electricity Bill - Npower.zip;25;https://mega.nz/file/nZ0n0QCb#pn1-XqpA_dN8re4FGZZJktdgVr7hYw7MNsFlDATkbBo
457;Uk;;Billing;UK Electricity Bill - SSE Southern Electric.zip;25;https://mega.nz/file/rFkE3JqL#fk03UAhHq4L-TVOaWHiexGNZsmOdcpvQjtfG-RZv-2Q
458;Uk;;Billing;UK Energy Statement - People's Energy Company.zip;25;https://mega.nz/file/zVUx1AKD#2j_SE3dGqVOAmX1M_k8GKgnihmq5pnKyr9ZoFpMeozk
459;Uk;;Billing;UK Gas & Electricity Bill - British Gas.zip;25;https://mega.nz/file/uNE0hQga#CFDNpTmygaYyjtHRrjAKo4AKM9u1u8AKMF0WwDyeD9w
460;Uk;;Billing;UK Gas & Electricity Bill - EDF Energy.zip;25;https://mega.nz/file/KM13lTzK#AJJ-I7hwDiuDNtdnYAwzc4V0mO1Rvl_W64ojww4kD2U
461;Uk;;Billing;UK Gas & Electricity Statement - ScottishPower.zip;25;https://mega.nz/file/aF122bJb#hdZPFdCxCkS0YHQp5X00EqGluKI5xIrEsL33dvAOWsM
462;Uk;;Billing;UK Telecom Bill - iD Mobile.zip;25;https://mega.nz/file/yEcRiKLb#KlGdyPB5fSpkOxHSSqeEsUayNJpjx5puaeZu2xw4zdY
463;Uk;;Billing;UK Telecom Bill - Tesco Mobile.zip;25;https://mega.nz/file/rAkTEAjC#GOP_mpHwJg2riE0Jnj3nj2wT79nKrACfXLDoe8CeZ_A
464;Uk;;Billing;UK Utility Bill - Utility Warehouse.rar;25;https://mega.nz/file/uME1iRwa#SO-9dWXpNxMQBFrjvbT4-TFQ107czdKrsdwMDh2tgAE
465;Uk;;Billing;UK Water Bill - Affinity Water.zip;25;https://mega.nz/file/yQ1kkCzA#K6nkGEVMk2TcS4UILjXhcj7NPVdgJIXMl6Zsd4siOrM
466;Uk;;Billing;UK Water Bill - Northumbrian Water.zip;25;https://mega.nz/file/DB9F3ZiY#wYg7KrOMPlHBHg5E5hLgT5O1c3WvGNW_RrpgbfxZ4sE
467;Uk;;Billing;UK Water Bill - Southern Water.zip;25;https://mega.nz/file/rF0UAJBY#afCf7nXMx_bRIKK67VyNO9qijkbT0vfDWzOf3QYWu1A
468;Uk;;Billing;UK Water Bill - Thames Water.zip;25;https://mega.nz/file/mMs2TC4L#lZhGBytBUfUzVuTj7oJFGGoOENmv4SCx_1up8fK0FCU
469;Uk;;Billing;UK Water Bill - United Utilities.zip;25;https://mega.nz/file/TBlixYSJ#jy40dRS6liYbxwsScJzLsmgOk1ucXO2czZ9vlq6i4t8
470;Uk;;CC;san_polo_bank_back.rar;25;https://mega.nz/file/3J1WAK5Q#4nWMZBB8WoXKgVmyZwcunppUcxbMY2guaigFUufVpNY
471;Uk;;CC;UK NatWest bank visa classic card.zip;25;https://mega.nz/file/fIUnDDgY#P3Cq_028C3sLtCqT0x4oVRL-285JsY5jmysmzFQpzpQ
472;Uk;;DL;UK DL 2021+.zip;25;https://mega.nz/file/DBkWCLZb#t5pjIH_gWuuJ4gJAHah6v1M6Pa_YtJun9wr1iMqVYPM
473;Uk;;DL;UK DL LAST 2022+.zip;25;https://mega.nz/file/CYNm3YJC#6cf5wryjfY2k-1wzs76vqXhCXnVAlyFYbOp8fncqFaM
474;Uk;;ID;UK ID 2009-2011.zip;25;https://mega.nz/file/qR0g0ZKR#thw3DlRY5zNe9DilXmyWJOaWWHNUjBlYoneVulRlZZQ
475;Uk;;invoice;Amazon-Invoice.zip;25;https://mega.nz/file/bYsxhAzL#a1tiujlmhIZ3v_yqt1wnTYclXkjDsKtrRYLKcXciw5s
476;Uk;;invoice;CANON INVOICE.zip;25;https://mega.nz/file/WRlSjDRT#AgeQPN64_TGojcWeG7Om3GMV6pJQvKejbnaxcMgAt_8
477;Uk;;other;UK Annual Tax Summary.zip;25;https://mega.nz/file/OV8g2JKB#k_jDPkh8ipFgzfc-MOBs7ZgyFPMW5lE3tNlBNN1BwIA
478;Uk;;other;UK COVID LETTER Lab Report - The Doctors Laboratory.zip;25;https://mega.nz/file/zU1yVaCD#l-F_krYwGJZXb3ZWMmffti4SHJsOlAv7UPstvNelciY
479;Uk;;other;UK ISO Certificate - BSI - ISO 14001 - 2022-25.rar;25;https://mega.nz/file/udN23Arb#DWpX1ozGbJ7NHoV22XYJboeQbeZIiSVysxIOFGUsSQQ
480;Uk;;other;UK No Claims Discount Letter - Swiftcover.zip;25;https://mega.nz/file/TBMiHZKJ#abNCqFghSk-ocCkYR1eFFoGyHMWFkyC5wEqVzHreSco
481;Uk;;other;UK Payslip - Mathmos.rar;25;https://mega.nz/file/mEdxXBhA#w2kiuK6zXNtLaReBx-iNJh2W6sZ9FdF9d18Nwu_MOnY
482;Uk;;other;UK REGISTER_COMPANY.rar;25;https://mega.nz/file/jMcH1AzD#QAf1KtwBhYxcIO04FwMagBw_kpzC6aDN30SmCTdeOr4
483;Uk;;passport;United_Kingdom_Driver_License 2015+.zip;25;https://mega.nz/file/rFNE1CbZ#b5XdutBuD5aXT_KN6kXzT22d1GQhYwyUM9bW7c3Tzhw
484;Uk;;passport;United_Kingdom_Driver_License_2021+.zip;25;https://mega.nz/file/6I1WxTSb#fQ55SvREqUDFn8sb_51X--wD6NxF8rckmCTAn9rlmgk
485;Uk;;passport;United_Kingdom_passport_2019+.zip;25;https://mega.nz/file/XY8kFL7I#BqL6s4Gd7BUVR9_aEM1UsfQdwftrBnFvTYQ7EJSSISY
486;Uk;;passport;United_Kingdom_Passport_2020+.zip;25;https://mega.nz/file/uRtFQR6Z#N2MJgnnicJFpez27PafC36c_yMaA5Z1ZAOSdUtzfWNA
487;Uk;;passport;HENDERSON.psd;25;https://mega.nz/file/rIt1ATjC#p4wmbSLfiQMa85CD4TM-BEh693ChbRBiso0CWvAGuzA
488;Uk;;passport;HOLO OLD UK PASS 2010-2015.psd;25;https://mega.nz/file/bRUGkbZa#dqk6xXgCZ03Mtr7W4yj06MR6uthwZ8fkgi_uijCcjR0
489;Uk;;passport;OCR-10-B_UK NEW.otf;25;https://mega.nz/file/bQ9xjRqY#4vFD_NX1fjAtAJZNUK-4SBsRHJUTdeS2wpt3vfK_o50
490;Uk;;passport;PASS ONFIDO OLD UK PASS 2010-2015.rar;25;https://mega.nz/file/CFcz0B5b#oZQAs6N2TGSOjxC-7j6YdSDkMDdmHXvc_DZfbWKKUv0
491;Uk;;passport;UK Passport 2010-2015.zip;25;https://mega.nz/file/vcliRCBa#ZfkaiWhCVpVzNcK8lpy9ErOE4oWHAPDrWt6kswC8oSM
492;Uk;;passport;UK PASSPORT 2020+.rar;25;https://mega.nz/file/6YMDHLAR#OUicjcMku4Y5yyICaZWIQrZnqfAGaXIHmMERZiAYZHs
493;Uk;;passport;WALLACE OLD UK PASS.psd;25;https://mega.nz/file/CQMF1ABA#-zDBEJ6aXDA6ir48FOL8YSMmU7VapYtij3Bxtt1PsW8
494;Uk;;passport;новый пасс.rar;25;https://mega.nz/file/TZl01Kja#h_hmGYujpyxwK50VkYfjA3iqizRoWSqlpf5zU15XV-w
495;Uk;;Viza;UK residence permit 2020+.zip;25;https://mega.nz/file/2AN1GbzI#51_9ncnndUO26yLQhgkUhdmguZuY3uoeDNW-KlqWApg
496;Uk;;Viza;UK VIZA 2020+.zip;25;https://mega.nz/file/fckmGARJ#10MhdMv7IReB8bXHE6-pU7qj_DA5GiALHt6I-Af9-Ao
497;Uk;;;Месяца для Британии.jpg;25;https://mega.nz/file/mQVU2Twa#2mg0cMP6ihF1ozY1yxn2l1ylj1fCrtVmRJLKCoRx-Sc
498;Uk;;;Месяца4.pdf;25;https://mega.nz/file/aJlkzLAL#RMjCqHFgpzbzVAPanop6RB38UH5056G136GYAFvCZIo
499;Ukraine;;Bank statements;Ukraine Bank Statement Certificate - izibank (TASKOMBANK).rar;25;https://mega.nz/file/uANzUbQY#CB3Vk1NUj6b8wumCYUS4z5P4l3SNL06hhm7y0i_9q4Q
500;Ukraine;;Bank statements;Ukraine Card Statement - Universal Bank (monobank).rar;25;https://mega.nz/file/iRswRTyC#mRTfKbonFQPGh6gBrseBHE19QeojZlSrPt9gUwghAp8
501;Ukraine;;Billing;Ukraine Gas Bill - Naftogaz.rar;25;https://mega.nz/file/3RkxmCiD#29iwoIO8opATh2-S-olxfJGf7DdYDhHSSa2wjflrFHM
502;Ukraine;;Billing;Квитанции УКР.rar;25;https://mega.nz/file/LB8y2QBI#2V69dXj44ZxJIyaY7RlfECp8fKumKTky9WXood_dTJI
503;Ukraine;;DL;Ukraine DL 2014-2021.zip;25;https://mega.nz/file/zI0VUA4T#mz15yPJczW9zNbH7JDXpy-5AA96vHDSXZ1r58oSIVcY
504;Ukraine;;DL;Ukraine DL 2021+.zip;25;https://mega.nz/file/iBMG3YhJ#MGgzxPVC7ao9IwZLAYBRLo5F3wuPfjE_LAZR5XSRX2g
505;Ukraine;;ID;Ukraine ID 2016+.zip;25;https://mega.nz/file/HQl2gTCa#gEX6xdRgIcU1n7x9YgdxPjhObBtbNdRKyRmxWAvfxpY
506;Ukraine;;other;ИНН Украина.rar;25;https://mega.nz/file/TctlnSjK#U47jvo0n7LNCxa5OAjhpMPy9Pa05dfBswPWPrIXY4dA
507;Ukraine;;other;Справка о доходах (Довідка про доходи).rar;25;https://mega.nz/file/vZ1AUCwJ#RelCkkN6S8GfDZDweJIkZLeN2LcXDoLGdXt_g7Fz9WE
508;Ukraine;;other;Свідоцтво про смерть.rar;25;https://mega.nz/file/3VNmXB5Y#4MdksE7CmqC59d9IT6iwrP7sJbvhuB8k3v3CIzIdL7w
509;Ukraine;;passport;Ukraine passport 1994-2016.zip;25;https://mega.nz/file/WBMyjRDK#F3jK95yc0Uw5Hu-n7EvJNCk5XINmFi9bxDq2CfaSaBo
510;Ukraine;;passport;Ukraine zagran passport 2007-2015.rar;25;https://mega.nz/file/GIVGia4L#VaKwO9KPiwXxwRXU6Uk6T5j4WaJVxS7ATa86r685Czc
511;Ukraine;;passport;Ukraine zagran passport 2015+.zip;25;https://mega.nz/file/yEMVWDxD#UeVNMUo5A6P7E0hoiExqKlZ1Rl20_8Xrf0w_mB9Yc9w
512;Usa;;Bank statements;USA Bank Business Checking Statement - PNC Bank.zip;25;https://mega.nz/file/rIVxFbgC#FZ8EQUuaWl9hK09YYe4C3LXdFO9UVH_T4mw690PJRj8
513;Usa;;Bank statements;USA Bank Statement - Bank of America.zip;25;https://mega.nz/file/jc9kFCLQ#-3d3ULi8S__LoCneAymnsLHjqSeMha9-z67J6QhLZEM
514;Usa;;Bank statements;USA Bank Statement - BB&T.zip;25;https://mega.nz/file/3NMAVTSC#L-0bJ-HIpSqzPL5KpYeh2P5gbmVdOf8srLJtZprd1NA
515;Usa;;Bank statements;USA Bank Statement - CFSB (Community Federal Savings Bank).zip;25;https://mega.nz/file/rB8AlRpQ#Fio7Gw89LaYMev5bo7zcJk7-DP9tVFq-m3TrqzoF7Vs
516;Usa;;Bank statements;USA Bank Statement - Charter Oak Credit Union.rar;25;https://mega.nz/file/PMslHK5Y#OGnbz6JQ8GuL697Bn0E8rdunpuvMVZvF6yuEp0_iLiY
517;Usa;;Bank statements;USA Bank Statement - Chase Bank.zip;25;https://mega.nz/file/rRc0GCRK#DBZv9-B-QJRjJLg2tEnqA8c-6h5uGhaUrLyUlwD8Z1U
518;Usa;;Bank statements;USA Bank Statement - Citadel Credit Union.zip;25;https://mega.nz/file/HM0C3I7S#8gKjTXyRdPVet-FLxowmtOeQqEsm5ROsO8Df45seMaE
519;Usa;;Bank statements;USA Bank Statement - Citibank.zip;25;https://mega.nz/file/nNFjlZjT#7Rbw6PSPLiXFpAGeOGVgdk-bPKmHw76oIVV1m-X4gNs
520;Usa;;Bank statements;USA Bank Statement - Citizens Bank.zip;25;https://mega.nz/file/vQNG1SwI#_1_M2isrUcCrrufVEBiqZ-h2GinJjvFcABPII-upEGI
521;Usa;;Bank statements;USA Bank Statement - Current.zip;25;https://mega.nz/file/aY0D0BaD#WaHNvYIXa3HOdIgnwjn1d0vW2aYqhML0JnDZ4tLA4Ks
522;Usa;;Bank statements;USA Bank Statement - Diamond Credit Union.zip;25;https://mega.nz/file/jc0miRzA#kwfhXpZFFaNDNKr_xHRN8vByjTLqQEpROCuGwViMwXs
523;Usa;;Bank statements;USA Bank Statement - Fifth Third Bank.zip;25;https://mega.nz/file/TRcWBSoI#-GQwbPXLKGFKUeUHIyyJsSkjBrkJd6fWvkprUlHSMZo
524;Usa;;Bank statements;USA Bank Statement - Flushing Bank.zip;25;https://mega.nz/file/DYlyQLCL#qXFcq4xhxXK5xz3Y90viqSLn8PAsXc2WVNUjb3Uuckk
525;Usa;;Bank statements;USA Bank Statement - FNBO Direct (First National Bank of Omaha)..zip;25;https://mega.nz/file/3R91VS5C#0BNIBQP6TSzxUaX5hHiygHg3Gn8ThG_Q8Erdauip0_0
526;Usa;;Bank statements;USA Bank Statement - Found.rar;25;https://mega.nz/file/nMVxjKwb#XitF4EKtPYz4tEfqZISgjFYKf312PKOS2xt-Ew3Afos
527;Usa;;Bank statements;USA Bank Statement - Glance.zip;25;https://mega.nz/file/bJsiTTqB#iIppm9PsUdLwa6IuMuQGV2vQbcJDnjoSZcvEwz3It7Y
528;Usa;;Bank statements;USA Bank Statement - GO2bank.zip;25;https://mega.nz/file/ONNWQbwC#M6fL5m1y6UDKGrY_h6EI5hwqCgfJBPu8FMTkKWSCPkc
529;Usa;;Bank statements;USA Bank Statement - Green Dot Bank.zip;25;https://mega.nz/file/bEVwWIYA#WCwQRN91EbhaDi3xPofLhNJ6hFsFbOePqPibDlyxz3Q
530;Usa;;Bank statements;USA Bank Statement - Huntington National Bank.zip;25;https://mega.nz/file/vBF1ATSD#i_i8eNvyF2sLXqrlcOUUvyfgDlwyY4crLJK7G1l3NYA
531;Usa;;Bank statements;USA Bank Statement - MOVO.zip;25;https://mega.nz/file/GcN3CThT#cnl7AYqt0YqKZvcyDCAZS_7e8z2wFhnA54j6rhAz9-Q
532;Usa;;Bank statements;USA Bank Statement - Navy Federal Credit Union .rar;25;https://mega.nz/file/qYsVzKoL#UVv5V1vQfB_aLByueYuwjyCYdQi-gkhmKV0AMGeREE0
533;Usa;;Bank statements;USA Bank Statement - Northern Trust.zip;25;https://mega.nz/file/adFBUZ4C#gRqeXqclABsZsm7MD9VJAkAZluBWMiEzcv_6_ZNRSvI
534;Usa;;Bank statements;USA Bank Statement - Regions Bank.zip;25;https://mega.nz/file/aZ13BBZY#lu-whoHhLm0mV7Bplu_W7TXnvsdFs3mS6762FKJTwbU
535;Usa;;Bank statements;USA Bank Statement - RoarMoney (MoneyLion)..zip;25;https://mega.nz/file/3JMlVBoa#pZILBMxbuKFkj89fwF9aNCLAIDOIn6X3AQTQ3Ntmht8
536;Usa;;Bank statements;USA Bank Statement - TCF Bank.zip;25;https://mega.nz/file/LMV03BAb#8T-9i-ExBBJvCkQif_cr6xd7aHgEviJBDmrP1FoSCZc
537;Usa;;Bank statements;USA Bank Statement - TD Bank.rar;25;https://mega.nz/file/bQc3XC5B#5k-WmISua8goFnWoDzgrYLvmYShwc3LxTSuNqvBCCXk
538;Usa;;Bank statements;USA Bank Statement - Truist Bank.zip;25;https://mega.nz/file/CRVQQSab#MyO897KZWhDk5pQasFL5HRkF3BwXWu-1HB1EdQMpEt0
539;Usa;;Bank statements;USA Bank Statement - U.S. Bank.zip;25;https://mega.nz/file/bQ1EQTyI#XTDtM5gHl5SzOv8uEV_Fo3WHpnGWWf-9zbx65_xqTzU
540;Usa;;Bank statements;USA Bank Statement - USAA Federal Savings Bank.zip;25;https://mega.nz/file/eJ9jxaxD#Y4IzaRd8Swe48ASxDu1Al2yxYEVifM7VDSzj6lnJ5ks
541;Usa;;Bank statements;USA Bank Statement - Varo Bank.zip;25;https://mega.nz/file/3FNkBDAA#y3I5vAappMmcvJMFO6OAtXE4vgNICDd6-PPUjYznzLk
542;Usa;;Bank statements;USA Bank Statement - Visions Federal Credit Union.zip;25;https://mega.nz/file/vA91HRDQ#qp5BJ6uWsk-zG0EAhojJc6w0X5tSu_JEcI94jbAF68Q
543;Usa;;Bank statements;USA Bank Statement - Wells Fargo.7z;25;https://mega.nz/file/3R9kUCwT#r7p2gpYCu_y-WiuiaPEee8PQ8SpkylQ4lWWBHtdnSKI
544;Usa;;Bank statements;USA Bank Statement - Woodforest National Bank.zip;25;https://mega.nz/file/CYlXnZaD#X1v4vklqee9rVJzx93LZYouzB9t5qv6loYUD7gcYwTE
545;Usa;;Bank statements;USA Bank Statement Virtual Wallet Spend - PNC Bank.rar;25;https://mega.nz/file/KI91AbqK#jwlH-RbgDEFnyZlVBAjwrtXN79JqQOIuStEPsu5224w
546;Usa;;Bank statements;USA Credit Builder Account Statement - Self Financial, Inc. (Atlantic Capital Bank).zip;25;https://mega.nz/file/CNd3XI4L#_8SqWGAjDGh-oHQWHAvWRXZG7AGfaPx1vTV5MhZyS20
547;Usa;;Bank statements;USA Credit Card Statement - American Express (Marriott Bonvoy).zip;25;https://mega.nz/file/XQ1nRRxK#mxODu0B_f2KbQwC_I-e0WE4_1LP14WH2sKbHz4l4CQc
548;Usa;;Bank statements;USA Credit Card Statement - Barclays.rar;25;https://mega.nz/file/fMsHFa4L#iGfVLNhGFp47bAtyUZ9fFf5-xYxnmovMHi0eLgDFN9o
549;Usa;;Bank statements;USA Credit Card Statement - Capital One.zip;25;https://mega.nz/file/GYMSRZTZ#ueRno1VDiFJO360CPsrsHrLcbbeSN3fFxuwR3igpfLU
550;Usa;;Bank statements;USA Credit Card Statement - Discover Card.zip;25;https://mega.nz/file/LYkzgTBa#kXe0agVmbzC1SDeis9-mD7fpe7Li3sWqwZTb_5ttEbk
551;Usa;;Bank statements;USA Debit Account Statement - Stash.zip;25;https://mega.nz/file/LFcFhBJD#AClaFVKtdcXPpEXU2qwwv4AEgeiT2PrgAjtYoXfVQU4
552;Usa;;Bank statements;USA Debit Card Statement - Green Dot.zip;25;https://mega.nz/file/KEcFyAzT#teqRfaM9CPRVb_sNrMAKleaNWpnMr0tbBtsBoQBnvWA
553;Usa;;Bank statements;USA Savings Account Statement - American Express.rar;25;https://mega.nz/file/rIU0TIRQ#EQuxBiy4VT8JuAidCE0ZsDSl6UGKJkA6jDwjALLGp3o
554;Usa;;Bank statements;USA Savings Statement - PNC Bank.zip;25;https://mega.nz/file/PB0lkKSI#qChmcjFOxlBU2R8TV15E31Kln_X04iYwHWXQvCo5Va4
555;Usa;;Bank statements;USA Spending Account Statement - Chime.zip;25;https://mega.nz/file/uV1CGTzK#mKkQrb5B9QeTh88eHKHhnvXAOJRoWxPS6QYeS0vKaAo
556;Usa;AK-Alaska;Billing;USA-AK Electricity Bill - Matanuska Electric Association (MEA).zip;25;https://mega.nz/file/bJlClTqD#7uUH567jSRc3V4KWTgVHvadtpm4ehpezPyzxVh0Njy0
557;Usa;AR-Arkansas;Billing;USA-AR Utility Bill - West Memphis Utility Commission.zip;25;https://mega.nz/file/7RFTjDQI#h3D28lBJFiWxsKVv5Pl4751tEdiiuHUGSdPwXKHodmI
558;Usa;AZ-Arizona;Billing;USA-AZ Electricity Bill - APS (Arizona Public Service)..zip;25;https://mega.nz/file/LI9SmRyb#jwuI7b-8Ktsa26ogk46YxA91EySypYhbhVC-mQmJ5g4
559;Usa;CA-California;Billing;USA-CA Energy Statement - PG&E (Pacific Gas and Electric Company).zip;25;https://mega.nz/file/GRtXGCbR#Jxg0Yt0kid5ATWArVwMRQJtXQWIR3aHj-nbAfweX5XE
560;Usa;CA-California;Billing;USA-CA Gas Bill - SoCalGas.zip;25;https://mega.nz/file/HEcmmSgR#0Wl1sZ_4TeSDodytJtZKxhotQ-ikFP5UmpTfjDCpm6A
561;Usa;CA-California;Billing;USA-CA Telecom Bill - Spectrum.zip;25;https://mega.nz/file/WcFFnKpZ#0wuVGjtfAxB-O1jZMneBgzjms0HVl1XfHU_UMqh-SM4
562;Usa;CA-California;Billing;USA-CA Telecom Bill - Xfinity (Comcast).zip;25;https://mega.nz/file/ad1XyY6S#wdERoFHJ0GFngYSokHUNlny5omvqRKCuldGLXutspPs
563;Usa;CA-California;Billing;USA-CA TVInternet Bill - DirecTV.zip;25;https://mega.nz/file/iNljDCbK#yDyW-fQxqgU0-RYStF3wqoktUaxWbC2xdM3ib5GZ1TQ
564;Usa;CT-Connecticut;Billing;USA-CT Electricity Bill - Connecticut Light & Power (Eversource Energy).zip;25;https://mega.nz/file/zFdwVBDA#9g2_Cu78kTof6irvzGKiQn5e4Mq34jsMIsHsr_Klhww
565;Usa;DE-Delaware;Billing;USA-DE Electricity Bill - Delaware Electric Cooperative.zip;25;https://mega.nz/file/yZETSTYD#zWh8SyR4qgwp-XEmTslF_gag3hSWeRQqy7hjnVDjzrI
566;Usa;FL-Florida;Billing;USA-FL Water Bill - City of Tampa Utilities.zip;25;https://mega.nz/file/yJNDGASD#baUmNiX4X0XQuNGiycK1pUP0lUbUNZgqQQ5xdoh22xU
567;Usa;GA-Georgia;Billing;USA-GA Gas Bill - Georgia Natural Gas.zip;25;https://mega.nz/file/jVETHL5S#VGy3j3dbqDwAs-8z9MBT6ln-G365eQsKochYGeeB6Eo
568;Usa;HI-Hawaii;Billing;USA-HI Electricity Bill - Hawaiian Electric.zip;25;https://mega.nz/file/zYUngS4Z#sigA9FlEaFAc_kLVP-_AThX8T8bUaQXBs4Dsy7ongqY
569;Usa;IA-Iowa;Billing;USA-IA Water Bill - City of Des Moines.zip;25;https://mega.nz/file/DZUmWY7B#8Wz1mEPy_-wWa8WdWSpoXOLll3njThsSDy-gYKgp74E
570;Usa;ID-Idaho;Billing;USA-ID Utility Bill - City of Boise.zip;25;https://mega.nz/file/3UV2ASoT#CqtrgqIseQZvuLqHFZHRYYx_XpygDx8fz2qWR8U5zJM
571;Usa;IL-Illinois;Billing;USA-IL Electricity Bill - ComEd.zip;25;https://mega.nz/file/TE9Ula6D#ESOmtpvLlGAZ4mARhLlkoX4oLDDDeGZ83z2tTCoKNeU
572;Usa;IN-Indiana;Billing;USA-IN Electricity Bill - Indiana Michigan Power.zip;25;https://mega.nz/file/eR0HUbBS#Cw0xau2lJoZtI0tIJAc2wJNBf__RLITZRZkdpFaPz7w
573;Usa;KS-Kansas;Billing;USA-KS Electricity Bill - Victory Electric Cooperative.zip;25;https://mega.nz/file/HJkRiJTC#vmy0dDMEj_ZvN7MnGHxEE3w5xRupzLSyhhrfCsCrW0E
574;Usa;KS-Kansas;Billing;USA-KS Gas Bill - Atmos Energy.rar;25;https://mega.nz/file/iUNHWIbY#UosxI1SSUxdEvIz4HUeT51W6Ug_SC7mB5oP7gvy6iA8
575;Usa;KS-Kansas;Billing;USA-KS Telecom Bill - Sprint.zip;25;https://mega.nz/file/7J1VQQQB#dmg2OTOmAl3snHgy3FZnZH8m99R-lM8XwKZPfletG9w
576;Usa;KY-Kentucky;Billing;USA-KY Electricity Bill - KU (Kentucky Utilities).zip;25;https://mega.nz/file/7NEw3Zja#H1bGzMjWJmYNylTNdHE_53LXv-6lQLtbyOsEJsHZstE
577;Usa;LA-Louisiana;Billing;USA-LA Electricity Bill - Cleco Power LLC.zip;25;https://mega.nz/file/3N8gyKDB#f1Dym5W7Vp6on5OqUIGfLg29Tz8GFF-Sqi_xHR51JJM
578;Usa;MD-Maryland;Billing;USA-MD Water Bill - Maryland American Water.zip;25;https://mega.nz/file/eZUjVYaD#WMEB2JB08zBYUaEIC1lWilKuHtrbEqvUfXZafs_tEHs
579;Usa;MI-Michigan;Billing;USA-IN Electricity Bill - Indiana Michigan Power1.zip;25;https://mega.nz/file/GF9ESRRC#FTBIwurtCMf7hlf10i5FdrZFSTPZj01I9njgbfmmMdg
580;Usa;MI-Michigan;Billing;USA-MI Utility Bill - City of Midland.zip;25;https://mega.nz/file/WJ8CSa6Y#4JY9qTSEpfhG5uUsdlurTx0iz572E4bZu4ExB26bQxI
581;Usa;MO-Missouri;Billing;USA-MO Gas Bill - Atmos Energy.zip;25;https://mega.nz/file/CYdxBSDB#cWb6L9KCeEHhsBWRmAhMMManiX8Sb_dqUVusoEf6-34
582;Usa;MS-Mississippi;Billing;USA-MS Electricity Bill - Dixie Electric Power Association.zip;25;https://mega.nz/file/SE8kHSba#gL5-mr0DHWnX2qgnGOCWS5ojVS6CHFE44qTXBxONS18
583;Usa;ND-North Dakota;Billing;USA-ND Water Bill - South Central Regional Water District.zip;25;https://mega.nz/file/uIEWVCRT#wXp4YjE8Kx-DicypbA7-Rk9ivB4569byFzAT62ekiYg
584;Usa;NJ-New Jersey;Billing;USA-NJ Gas Bill - South Jersey Gas.zip;25;https://mega.nz/file/TUsAiAbI#BOa0mNOQ3OtJnd5gkO6aHq3aFmP2QZNM23InHisAtVo
585;Usa;NJ-New Jersey;Billing;USA-NJ Telecom Bill - Verizon.rar;25;https://mega.nz/file/bI12BT5I#dnPYtRsX9JS6LWCZ4HNmztCK3i-wBAIDPcy_qHDczRw
586;Usa;NJ-New Jersey;Billing;USA-NJ Water Bill - New Jersey American Water.zip;25;https://mega.nz/file/OcdRxbgJ#MCNgFYJOVg4I9dEuXOgbrbeqJNmsg6yXpzNC-_yj5gw
587;Usa;NM-New Mexico;Billing;USA-NM Electricity Bill - Central Valley Electric Cooperative.zip;25;https://mega.nz/file/XF0FlTKJ#SeDXHG5mCB5FEyesFw3Dr6axdsB8ODLHWV6t3hB83UA
588;Usa;NV-Nevada;Billing;USA-NV Electricity Bill - NV Energy.zip;25;https://mega.nz/file/OccGWZiC#rQoqW0J9W9jJTme5KD0L1D4sxOrqU1o9X9EmE5Wh7O0
589;Usa;NV-Nevada;Billing;USA-NV Internet Bill - AT&T.zip;25;https://mega.nz/file/rRNAHKLT#McDjbnp4Zg10d3ukSBxJ_aaZWHZzzGqcV6847c2NmBU
590;Usa;NY-New York;Billing;USA-NY Electricity Bill - Nacionalgrid.zip;25;https://mega.nz/file/fBE1kTjT#tZ_GOVXqMnZf-amxeUGYJspPhKjOk7PyhAoBUStfU6s
591;Usa;NY-New York;Billing;USA-NY Telecom Bill - Optimum by Altice.zip;25;https://mega.nz/file/7JM2iY4B#xrA3yrDtMtgYeBfDuGpDOAdPDUIIuc4EGjtU1Zx5F3Q
592;Usa;OH-Ohio;Billing;USA-OH Electricity Bill - AEP Ohio.zip;25;https://mega.nz/file/Pd01AD5R#fRs_tEbOS8nKNozzZh10lCThOiVzZ6Fd2_caTQGcvyA
593;Usa;OH-Ohio;Billing;USA-OH Electricity Bill - Atmos energy.rar;25;https://mega.nz/file/KI8y2LyS#pxkxDeeIFEvggjwhuf64JLxFd_JNK1ka_VMdP5m46Go
594;Usa;OK-Oklahoma;Billing;SA-OK Electricity Bill - Oklahoma Electric Cooperative (OEC).zip;25;https://mega.nz/file/HIMABLBS#SL9NpmYdN_MKPogObnzVKmJsFRk0fc6m2HUvNlRMqE4
595;Usa;OR-Oregon;Billing;USA-OR Electricity Bill - Portland General Electric (PGE).zip;25;https://mega.nz/file/LVdGUbTQ#J2FfBlOxtaMhWUsxEIaLkOG50BnoLzko5kzaFYGi6T8
596;Usa;PA-Pennsylvania;Billing;USA-PA Electricity Bill - Northwestern Rural Electric Co-operative.zip;25;https://mega.nz/file/GE8DUBbD#i1o6qkHmEVpoFYUSUEk7EYQheLckU8q4LWAapopPLNA
597;Usa;SC-South Carolina;Billing;USA-SC Electricity Bill - SCE&G.zip;25;https://mega.nz/file/HM8kVYrD#XWGfewIi19NHSfZEYpNnFvZYNCnOQ72rhODE4bVZCZk
598;Usa;SC-South Carolina;Billing;USA-SC Utility Bill - City of Sumter.zip;25;https://mega.nz/file/DNkzSDia#mr7RJe9NoqYbGZ33QdEwArT844BNnTbMfrXpvrI-3ME
599;Usa;TN-Tennessee;Billing;USA-TN Utility Bill - Memphis Light, Gas and Water (MLGW).zip;25;https://mega.nz/file/aNtnHSzY#FCyerJk8pDUfCSGynAj1g6LvixnyQO6w-p9HrKEA_tE
600;Usa;TX-Texas;Billing;USA-TX Electricity Bill - AEP Texas.zip;25;https://mega.nz/file/SB9hHI6Z#QOG5B1PqaybiCN3ECUR0BwduYQcxNzADgvDVbbE1000
601;Usa;UT-Utah;Billing;USA-UT Telecom Bill - Comcast (Xfinity).zip;25;https://mega.nz/file/mFdBETBB#ao65x8QcQIMHhNWuGcuRgtMhfkTILJAJ-wdwlxZ331w
602;Usa;UT-Utah;Billing;USA-UT Utility Bill - South Weber City.zip;25;https://mega.nz/file/6YskkTKa#w7WMIivdbTaJ6ej8Ef0G9wuvFMteuUQWTnrKI9kcqRo
603;Usa;VT-Vermont;Billing;USA-VT Electricity Bill - Green Mountain Power.zip;25;https://mega.nz/file/TYtCRYqB#E2JGYrKbZR3bQkvH-JN_8hCqBWCuUjfHnxM4JInNQ20
604;Usa;WY-Wyoming;Billing;USA-WY Electricity Bill - High West Energy.zip;25;https://mega.nz/file/qMdlzLRC#1xf4ErN4HxCpY6S6XATaxbcsEsiBHXLl8du_RqPSVvU
605;Usa;;CC;capital one card-Front.zip;25;https://mega.nz/file/mUFEhYqI#NsgTdTBHOCDQGae_3F5lOfbyxx9qTh9fzWLVI98DWp4
606;Usa;;CC;capital one-Back-.zip;25;https://mega.nz/file/jR0nkRgY#FeaJFCyN8vD_AvCADH8MqTHCLqtIWgSMxUJdlaaUpHk
607;Usa;;CC;Citi-credit-card-statement.zip;25;https://mega.nz/file/eQdgmSwK#5F6VzBVlKkHc87LLwGwGSkTsO3C1QoqXEApFKvRnuAc
608;Usa;;CC;City Bank.rar;25;https://mega.nz/file/nIN12bpI#JiSmaFNUFaJiOXZmtZ-GdnolxJkfaWu1U32QcVvoCuU
609;Usa;;CC;USA Chase bank MasterCard Debit card.zip;25;https://mega.nz/file/2ZFRWYBb#rgeGvUsM6Yv0DpK_PE9bk-F-nhno8gbwGBhc-UiB804
610;Usa;;CC;USA_New_York_American_Express_Blue_bank_credit_card.zip;25;https://mega.nz/file/bMtHVZzB#jqcB1be4UEZJHKf5asiD1fngJc8z5LHQPkqgYhBaWOg
611;Usa;;CC;USAU.S.BankVisacard.zip;25;https://mega.nz/file/3cEmkbYY#pPVzBHj-90TrDlFWMZHTlXGG6-aX1OpeVqIEidU3gF4
612;Usa;;Check;Chime-Direct-Deposit-Form.zip;25;https://mega.nz/file/2d1XVLpT#Q3cML7IyP5NSc1rN7JLitANgofK4mVisz56-VvxXn04
613;Usa;;Check;citizens-bank-check.zip;25;https://mega.nz/file/6REH2IZB#3P_8YqtmvPUkvidpS_XT3JoSxuUa_vDmADdKBE9CfTg
614;Usa;;Check;commerce.zip;25;https://mega.nz/file/XQVF0YiK#lrtGQAb3tVXFOaOM8Tt7mdtll-M4QzxgwFHhMJ7PTcs
615;Usa;;Check;florida-credit-union-check.zip;25;https://mega.nz/file/GIlBWTDI#D8qviZ8O3XvRHF0vwSjWdwDwUKIdEUXshhG51Z2tMbE
616;Usa;;Check;list.zip;25;https://mega.nz/file/nJdwSSBS#IbIxXlqV5wB4xce14QHcj5U6P--Tl3bSvh_KwB7g8zs
617;Usa;;Check;PAYSTUBS BORROWER.rar;25;https://mega.nz/file/SYcAkYba#k8FRHkT2xxBPeL5izSov7z4AlMTiU9-KbCz5Nkzp7lA
618;Usa;;Check;suntrust.zip;25;https://mega.nz/file/WQVFhJ4K#eVYV_u1AY9q2qiUI0nEKBewJDefOOU-5NAsg616GrRM
619;Usa;;Check;TD-Bank-Cheque.zip;25;https://mega.nz/file/KRtWkbSB#cZKeZtLhTNt5Bi4iYDKw7u8o3M6TZOktR6ll1cIgAoc
620;Usa;;Check;treasury-check-template.zip;25;https://mega.nz/file/3E11wALJ#PA9XOQZGHi6yoMEmvdLofk3EykqCgjHVAcEwVefZ7f0
621;Usa;;Check;ucb-bank-check.7z;25;https://mega.nz/file/PN0UFKgA#IIOopOehpPlabGRACO3SUQwgSDaa-BGtRMKbylnEGKc
622;Usa;;Check;umb-check.zip;25;https://mega.nz/file/3JcERC7T#Hf9vzu7gNMAKMnKh7REFq4yklGDGsUzuLcl_5RUGEkk
623;Usa;;Check;USA ADP-PAYSTUB.zip;25;https://mega.nz/file/nZViCZ6b#XH0euk7aUj9ddK1Jp8TL54XnHchNjOLmpD7ZZYhdnBg
624;Usa;AK-Alaska;DL;Alaska 2019+.zip;25;https://mega.nz/file/jRVm0ayB#qy-IiI6RF8m2tDFyjWKMxAhoO0t_xKvNKxKZMaAKBRA
625;Usa;AL-Alabama;DL;Alabama 2014-2019.zip;25;https://mega.nz/file/vN10maqA#TYgfDSIJ6K-fprCih8gt8Hax5YRv84ZhEOI00718DzI
626;Usa;AR-Arkansas;DL;Arkansas 2017+.zip;25;https://mega.nz/file/HQ0XwZyA#fBp7Os_nL5iYJJzDOHNrNeoO9ZDhCwhl-Yv_4V_oZeY
627;Usa;AZ-Arizona;DL;Arizona 2014-2023.zip;25;https://mega.nz/file/TUlxzDZL#S7gZk9BUEGTu9GrFVZvgJRNxBVdd00bfnhftAcjvxL8
628;Usa;CA-California;DL;CA DL 2010-2017.zip;25;https://mega.nz/file/yJ9XCIwK#n6Jidqugtb0ubx_XQliibSTUZvhNxh5hZlKp3KU7SBg
629;Usa;CA-California;DL;CA DL 2020+.zip;25;https://mega.nz/file/LQlxnZwa#y4srXy9TzaYc-XSWaRjIl0wTkIh2gE9B2sm0qarVmqU
630;Usa;CO-Colorado;DL;CO 2016-2020.zip;25;https://mega.nz/file/WBVBkRRB#1kKNOMaPMhpjphPvRMy1qCiBEUZ5D5RVrUR7C30y41U
631;Usa;CO-Colorado;DL;CO 2021+.zip;25;https://mega.nz/file/fFFgEY4Y#ttyU2yQiG5aNzDyBRVlty-NYNPId3JCvUTc9VTmlsMM
632;Usa;CT-Connecticut;DL;CO 2017+.zip;25;https://mega.nz/file/mUk02CqK#Q0Do0FgV6FM5owz5Oj00J3WJkhAs7rn3euy93AUHwzs
633;Usa;DC-Columbia;DL;DC 2017+.zip;25;https://mega.nz/file/uYVGGDzK#1R6fmiJsN5DXxZfKwTk-x1rs_yBfLOlGAP4MHJkdlj4
634;Usa;DE-Delaware;DL;DE 2017+.zip;25;https://mega.nz/file/WIUTnDII#LAh7sZNB1hUH_sZHvGy1JtFvzlXSJt1aDhfk8Nq4la8
635;Usa;FL-Florida;DL;FL 2017-2019.zip;25;https://mega.nz/file/ncEwGTLR#scoq-zZ4VWXZe3Peyz5jT_OF1bu1G5dUPWoD_5Iy3Bo
636;Usa;FL-Florida;DL;FL 2019+.zip;25;https://mega.nz/file/jIV0QTgZ#J_tFBqf6AHboYyUvwQ4HdRURJ1SOB-CwzFhCbii5QzY
637;Usa;GA-Georgia;DL;GA 2012-2020, issue 2020.zip;25;https://mega.nz/file/eN9mSAZL#AVLDfxEbAu6Ew47xrYCZR4JWJuSRwnBxn5JA5E9fAMU
638;Usa;IA-Iowa;DL;IA 2012+.zip;25;https://mega.nz/file/jJE3lbgZ#7DRGQd0yK8p6NmSoEEPBqfnT8P71en0Y4s18wh46DsM
639;Usa;ID-Idaho;DL;ID 2012+.zip;25;https://mega.nz/file/XF92mYbS#AaZmhOZ894u40zG2ZlgxvEMGzne7psle1iwXLX778i0
640;Usa;IL-Illinois;DL;IL 2016+.zip;25;https://mega.nz/file/Oc0GVSrK#2eoCUkE8nLZCVrcnQK6RRXLgUiQVCfPmmCfhMa_rzQk
641;Usa;IN-Indiana;DL;IN 2017+.rar;25;https://mega.nz/file/TAUQzLbS#PlPCYdyiW-c1yB9N_JhUfg1vBnf3PmCRyZRROh0ABBk
642;Usa;KS-Kansas;DL;KS 2017+.zip;25;https://mega.nz/file/6NNASDaQ#ZsY9wQ76lhVZdMLAEvsdTwA0DOO7Kt5YVkGZKtYHvoU
643;Usa;KY-Kentucky;DL;KY 2019+.zip;25;https://mega.nz/file/LFMAHAob#4pj9eMqOIVbrGq4y6b7nngxuN0ZUWQ5HPR_A88hNzwI
644;Usa;LA-Louisiana;DL;LA 2016-2019 issue 2019.zip;25;https://mega.nz/file/mJVxiCAB#NR8i9W2f4E_mXYZNUnO5JzKPV8QUuGUG-PknepK3b4Y
645;Usa;MA-Massachusetts;DL;MA 2016+.zip;25;https://mega.nz/file/XM0XRYST#DdA0fv6ihbU0oNEaapsdIpoaKQo61goqxTvqHVUtjjU
646;Usa;MD-Maryland;DL;MD 2016+.zip;25;https://mega.nz/file/LctzlRIS#H-fnQ4_cobsh8ANrN3Dp1b8cOf4pR2JKeQwtf45vHiw
647;Usa;ME-Maine;DL;2019+.zip;25;https://mega.nz/file/eMtVHJbC#5aB3gqhte6x4bT4G5Aoi_jZrk7QZ_1NIn46T8X6Yuus
648;Usa;MI-Michigan;DL;MI 2011-2018.zip;25;https://mega.nz/file/KN92WZDR#d77oS0E5_gwFL_yOioaQNWmJ3kKON8X5DUJ5R6mfEIA
649;Usa;MI-Michigan;DL;MI 2018+.rar;25;https://mega.nz/file/7RMyDbhK#tN15QVcJhL472OV9x0zcO32CL4X1LgSNbEtamBn9Nv8
650;Usa;MN-Minnesota;DL;MN 2018+.zip;25;https://mega.nz/file/Dc9wzJ4C#6j0qmU24-5Pw81B00anqHGcu6R3Bsbder1XVqFWG_lE
651;Usa;MO-Missouri;DL;MO 2012-2017.zip;25;https://mega.nz/file/vJElATrA#MOU00-JPFGynU92xNToTiAR5jhtADj0vwYoZbkIMiwU
652;Usa;MO-Missouri;DL;MO 2020+.zip;25;https://mega.nz/file/eZM3UIyS#NmN_Uxf4gxpjlC2mvyiSzdq-d3R3ytErZnujqInBE3o
653;Usa;MS-Missisipi;DL;MS 2017+.zip;25;https://mega.nz/file/SYkzTQ6A#ERTQwAfULXZX2svatUzbu7sji2XulEXUiIkr0tNU9T4
654;Usa;MT-Montana;DL;MT 2016+.zip;25;https://mega.nz/file/WYVWiZjQ#nPtRP0uPZQ24SIT9jH-0MqvP8CSWiIl7EcF1RjFv57g
655;Usa;NC-North Carolina;DL;NC 2015-2021 issue 2021.zip;25;https://mega.nz/file/3dMkBRgI#Kv5rgGPUCPPUsE07vI245LT4PfTZFT8QpT3siclZZuY
656;Usa;ND-North Dakota;DL;NDDL.zip;25;https://mega.nz/file/WR0GjZiC#pPmHPFdnKt_9iS0KvbmpTCRprNz6yROWH3lGSleGHjU
657;Usa;NE-Nebraska;DL;NEBRASKA.zip;25;https://mega.nz/file/iVdXUZhS#2MKltPpS7AmHBKku93zXNUZP4zMuNsexBu7ZMhB2uPA
658;Usa;NH-New Hampshire;DL;New-Hampshire-Driver-License-qujatl.zip;25;https://mega.nz/file/fF9ihaoK#K-84YIJ_Ub03dmZ0i0uKIEQEYIBv_vrWcJ_YO00rNMs
659;Usa;NJ-New Jersey;DL;NJ 2011-2018 issued 2018.zip;25;https://mega.nz/file/mB1w2RzS#FSVQp7qT1NOQG3-iDJQaSRvoIwPOBAh3Na9OnztemvM
660;Usa;NM-New Mexico;DL;NEW MEXICO DL.zip;25;https://mega.nz/file/LUsWFLrK#RWJpIEGwLYfjHYwTvrv4ooC35MTspUOXkdzrAK4ldVw
661;Usa;NV-Nevada;DL;NEVADA_DL.zip;25;https://mega.nz/file/7R93yQBa#nZ8kWrOqfRJlm2aj19Rlkv6BguVhFZOzc29Zwx5w-Jk
662;Usa;NY-New York;DL;NY 2013.zip;25;https://mega.nz/file/TZt2XT4K#2LX6nnQPhGuqsVN_Bno3JXyMdNZKtklIvVGd9TFbCQ0
663;Usa;NY-New York;DL;NY 2017+.zip;25;https://mega.nz/file/XUlhUJbZ#1oNwUgFbUZMASeG5w6EVTHwabcxyz7dgCzJRj6dYsHA
664;Usa;OH-Ohio;DL;OH 2013-2018.zip;25;https://mega.nz/file/Pd8G2bKJ#a0wwIXBZxkt-mYUxHEMuDVVg5vStlZ2Se_eqpA4THlI
665;Usa;OH-Ohio;DL;OH 2018+.zip;25;https://mega.nz/file/zZswzBjY#izNnn-ycnLqevOpREkFXRS81hZKepXs7xfXOfvbdc3o
666;Usa;OK-Oklahoma;DL;Oklahoma-DL-New.zip;25;https://mega.nz/file/KMVz1bAC#J2gaZWLDJ0_JzkSd-QHDLVKSWSIL9MJc6ELwcqBlGew
667;Usa;OR-Oregon;DL;OREGON_DL_NEW.zip;25;https://mega.nz/file/WIdymDBT#tzBdoPkwjAwKx0HAHQhUEjq2nqSa59oP-SSu-B57QfI
668;Usa;PA-Pennsylvania;DL;PADL.zip;25;https://mega.nz/file/6IEXXa4b#mnD_0AcqKwEZAsbLUAHqQmn7UA5H7Z002qkwp_i2sus
669;Usa;RI-Rhode Island;DL;RI 2016+.zip;25;https://mega.nz/file/uIsD1Y4R#J6vK3mIMw5m0j3qJLXxKh_tF8mZfGjNytrS1VxliVJM
670;Usa;SC-South Carolina;DL;SC 2018+.zip;25;https://mega.nz/file/mZNl3DZB#sYXP1bwtjhsg9A_1WSRHOQw5aLasK18cSi3utcE7PYg
671;Usa;SD-South Dakota;DL;SD 2017+ only front.zip;25;https://mega.nz/file/6BUGFTwD#tGIZ4hLQkE8JsbfD5OjYFSCGx03vChhK7YLRYa9PxOw
672;Usa;TN-Tennessee;DL;TN 2022+.zip;25;https://mega.nz/file/2BsnlJSa#zUEWPLATAyHIPklaRTtcflNImip4-X0hACVDiGkMb24
673;Usa;TX-Texas;DL;TX 2009-2015.zip;25;https://mega.nz/file/WFdgiBiB#f4Hlyg5R26B09cq6R2TbBKT_SwaFNKPcn93U5xMke4c
674;Usa;TX-Texas;DL;TX 2020+.zip;25;https://mega.nz/file/TMdjUbIR#t61wqiTYtNaocQp9C0uOlMBQlKfFOoa5riGio2ZHfAo
675;Usa;UT-Utah;DL;UT 2016+.zip;25;https://mega.nz/file/vRclFI4b#zBdCknBOBKYl0_uk-ytNW4H1OQkm4FnYDxCB0IJYPks
676;Usa;VA-Virginia;DL;VA 2009-2018.zip;25;https://mega.nz/file/KZtkGYYB#vCukfGORjjVYnELp2J9td2DbkMdNwQuqFKNwrFTY0LA
677;Usa;VT-Vermont;DL;VT 2018+.zip;25;https://mega.nz/file/PNlGAZ6Q#MDrxrlwD8y6MXUsX9BfwdG6mabpImk-PBr51x76WF78
678;Usa;WA-Washington;DL;WA 2018+.zip;25;https://mega.nz/file/GB0mWTzY#HjzfTqZ6IcXU677MO9UrAxucvBTDMXPYFPKdB_zkGys
679;Usa;WI-Wisconsin;DL;WI 2015+.zip;25;https://mega.nz/file/GIU2EJLT#IbonuVUdWfmmrtqk7AYrAV6bD0dhyjeWEXFJlgO94u8
680;Usa;WV-West Virginia;DL;WV 2012+.zip;25;https://mega.nz/file/iQdUnYoI#9nHtF4wOCg8FkNqEyWAG1UDX-YllWGOtW4IYYkxYYpE
681;Usa;WY-Wyoming;DL;WYDL.zip;25;https://mega.nz/file/WNkhjT5S#Uc0sKRCnELKiWEOwBPgEG1-Mkj2Jwl6QiUS52iFV7O4
682;Usa;;ID;GREENCARD_USA.zip;25;https://mega.nz/file/6R8glDYR#EZUg1c7ZW83WL1qdc0jK4jast38CTZHiUMMPfKk7Tzo
683;Usa;;ID;IN 2017+.zip;25;https://mega.nz/file/iN0hiZjY#a3bhRAgMbR03JZiX6ZXSFmVub1S-oYSY8_DHH2C4sgQ
684;Usa;;ID;NY 2013+.zip;25;https://mega.nz/file/eF9HjRDC#AgUPB4eulEi-9KYYyzJDxubW-oljL4IOibhIQjib5Jo
685;Usa;;others;Amazon.com - Order.rar;25;https://mega.nz/file/yYcxzbBC#YdlI4inACgw-JyWGb-aSTKgCVwTpn5TC5Hr2haz1T3c
686;Usa;;others;f940m Годовая налоговая декларация работодателя по федеральному налогу на безработицу (FUTA) (Employer's Annual Federal Unemployment (FUTA) Tax Return).zip;25;https://mega.nz/file/vJ1UHTCa#jKWMRnIysHv-dJAuLu0o-ebBoRKmFqXpQr4DOmy9iWs
687;Usa;;others;form-1040-schedule-c.zip;25;https://mega.nz/file/XRky3YII#xWiVvxDe1__OLFs-6K6Y_Na9YV0_U5DD8ok-qe5EEfI
688;Usa;;others;form-1040-schedule-se.zip;25;https://mega.nz/file/DA8A0IIA#lA6N-C2CYHiCxtIMheAg9clVagv1C0hAPd7q-iPmo0Q
689;Usa;;others;form-1099-misc-2.zip;25;https://mega.nz/file/jVszRSib#M1jiiSM5f9F3qH7e_zHQlvbX2LZNABiWmneTs8T2_DE
690;Usa;;others;Health-Insurance-Card-USA.zip;25;https://mega.nz/file/XZNRiC7a#Lbn7ajLV4nttkKfXdFZcPftonYzIIlLMCSF_vFYwYvI
691;Usa;;others;Insurance-Auto-ID-Card-Template.zip;25;https://mega.nz/file/uY9F0SjK#KXL_azzWKKsOImEyKnYMgoeF9u6VUL0FNCTQ20qaYqA
692;Usa;;others;LA - Police Report COMPLETEDCLOSED NEW deo.rar;25;https://mega.nz/file/6dFBzCIC#HpCiqVPSrTJsGz4LTP3mpgkPEjOlel15ezNT6w92l_4
693;Usa;;others;OH-birth certificate.zip;25;https://mega.nz/file/jFVVVCjZ#Z-Uxj-Fu9FUm0u7TH8tOKGCIHrEV_PbtIqNtq4-XHsQ
694;Usa;;others;Pay-Stub.7z;25;https://mega.nz/file/nB0gkIRD#yQ4fppNbNsRunvpPrPAv682NFdOyfH5Xkyr0lK1JrLY
695;Usa;;others;paystub 1.rar;25;https://mega.nz/file/LF1iVaJA#G_FrHH35znhrd2dnnoq0kZ1ZmVpr0v4hFLJ05i1wx8I
696;Usa;;others;Police Report 24-16-46322 1 page маями.rar;25;https://mega.nz/file/HUUVUIQK#KunpU1WTYNHZBvB76cpB1Bjj--gfcMc_Cm2jAnzj7Gg
697;Usa;;others;Police Report_Miami.rar;25;https://mega.nz/file/iAs1UKzB#RTqKZKsfgAt3saxHhafDnSfQ_ctC6NwKRUHOs_T13IU
698;Usa;;others;Police_Report USA.rar;25;https://mega.nz/file/3IVRgSJL#u_lwUi7itGqieBSXxE6o_GQNA9_S7ISmNAKzzEj19sM
699;Usa;;others;Profit-and-loss-statement.zip;25;https://mega.nz/file/GRMUFBwB#2nI_N68CcSnpV52iXplSeIBQqD44Ub9EX8fqZPdG8Uo
700;Usa;;others;Purchase-Agreement-auto-blank.zip;25;https://mega.nz/file/TUcTyDRS#_aQNCDV9oWY4X09dOFUom77bznMeKLDzjMXfsZYxsdo
701;Usa;;others;RRT_LABS_NYF1309202110940791_report.zip;25;https://mega.nz/file/TIdh2AqL#M4QYucy7cneMzbJfx0nmEk8Xheqv-GdADT8GCbJPu7g
702;Usa;;others;USA 1040-2019.zip;25;https://mega.nz/file/7dlAzYBT#QIp-iuWqvZnXjDoYf_tDkd59ehLwP0Qdvns-DZ4vIbM
703;Usa;;others;USA CONED.zip;25;https://mega.nz/file/6FFGjbKK#ssaZPmZvVenkoyszbRN9lQO2hv-q4EnwayTTdyS-rc4
704;Usa;;others;USA ConEdison.zip;25;https://mega.nz/file/qMNFxArL#3pVjf9gSbrZOJXFUrb6gs76iVS0YIwJrqtJMaVXpzf8
705;Usa;;others;VAX-CARD.zip;25;https://mega.nz/file/3BEABQRS#pnA4ojQgDZO9D0LCVLjfz2k9pkIFAyLukrzRpJOeBoU
706;Usa;;others;Village_Partnership_2019_Employer_Copy_1096__Payer_Copy_C_1099.7z;25;https://mega.nz/file/rR1wTRaC#j-5iTamAucZ0uI9gg5tm9iQZV9XpRGjN2W3AyXWXBCE
707;Usa;;others;w2.zip;25;https://mega.nz/file/jcsEQabS#D8puZ3S9LzQC9mCA8dRuqFjdMpNDtmyWLJ1iLZ9EFng
708;Usa;;others;Уведомление IRS (CP 575 A) о присвоении идентификационного номера работодателя (EIN).zip;25;https://mega.nz/file/HFMi2Qib#XI-HCniVKRnsJ1IxAXWBzrUL6GomN78QdykSkxfHKoI
709;Usa;;others;Форма 1099-INT Процентный доход (Interest Income).7z;25;https://mega.nz/file/zQtAGJaJ#pztt7kJy7-0MY7awEXysZwMpv_h3LQxJgWz7_HhUTso
710;Usa;;pass;ePassport 2021+.rar;25;https://mega.nz/file/LBVCyTrT#aKTZ_5_lNll_fwmaH71n5GUjF11je6Xyx8iDNlSvsKk
711;Usa;;pass;Next Generation Passport 2021+.rar;25;https://mega.nz/file/LZNxlLgT#xMxxBbeYZH7k2kvg230lFEGOZkdQQ2xK9dAcayKBX00
712;Usa;;SSN cards;SSN.7z;25;https://mega.nz/file/PBdhTBTC#TJwzoLsaZU88oKSRHnOpTIi98mPMzdvxozxaKtFwrGY
713;Uzb;;Bank statements;HUMO Bank Statement.rar;25;https://mega.nz/file/zB8hDL4K#ByFtvaRW_-W4Z_GB-UDLgnQ7zFOCdsmucu-sZl2v900
714;Uzb;;Bank statements;Kapitalbank Bank Statement.rar;25;https://mega.nz/file/2VlAlTaT#z6v9W0IDY5CmpczE1bygeyl0FOJdJKOOk4gT7Tw9JJA
715;Uzb;;Billing;Uzbekistan Gas Bill - Hududgazta'minot .rar;25;https://mega.nz/file/GJciVJZY#2LtcvGAQjUhbmLRPMw6yerGo7sfRcWSsem0pb2sylwk
716;Uzb;;DL;UZB DL front 2021+.rar;25;https://mega.nz/file/Xc8SgRYZ#nUUaE8aAoFZH68R77NjE7kRHW3S5otk_k33hp3a9M0Q
717;Uzb;;others;Сертификат консула Узб.rar;25;https://mega.nz/file/GElDVaZC#g_PBhPgs9dSfaYfVtqXS6N4G0qZOATikxoFovXUn8s0
718;Uzb;;passport;Uzbekistan Passport 2011+.zip;25;https://mega.nz/file/3I0mDB6a#OasosPozSsBNxYY157gKW9-06TLvb4StiZ41UxR-cC8
719;Venezuela;;ID;VENEZUELA ID front 2005+.rar;25;https://mega.nz/file/eZdiRDKL#75Iby3RIZtZ88nA1C4h26_dw70pdj6VYFlsVAlCL6Es
720;Venezuela;;passport;VENEZUELA passport 2015+.zip;25;https://mega.nz/file/Wcc0GQaA#IQEeJc6UhI5v807RvyPFFTObjBS3A1Aju6Tu-FPYMP0
721;Vietnam;;ID;Vietnam ID 2016+.zip;25;https://mega.nz/file/ackiXYxL#RGmfkUAwtBwlc1-ou8CeLKtHee2oH8IMHWsX32vY6lo
722;Vietnam;;passport;Vietnam Passport 2013+.zip;25;https://mega.nz/file/6UUTWLIY#i9dN61_vOvkfeoCB_YJohAeHLig-Us3Q_DlnOQk2wPQ
